"","SignedMonth","ServicesCategory.sum","SubCustomer.component","ATLpolicy","Obligation.2014","MovingAverage"
"1",2007-07-01,"Services (Non-R&D)","Army","YOUNG",0.965416843113705,NA
"2",2007-08-01,"Services (Non-R&D)","Army","YOUNG",2.32766064194635,NA
"3",2007-09-01,"Services (Non-R&D)","Army","YOUNG",8.99933170097654,4.09746972867886
"4",2007-10-01,"Services (Non-R&D)","Army","YOUNG",1.32803296772234,4.21834177021508
"5",2007-11-01,"Services (Non-R&D)","Army","YOUNG",1.87573305903471,4.06769924257786
"6",2007-12-01,"Services (Non-R&D)","Army","YOUNG",2.50561678855748,1.90312760510484
"7",2008-01-01,"Services (Non-R&D)","Army","YOUNG",2.29082753149675,2.22405912636298
"8",2008-02-01,"Services (Non-R&D)","Army","YOUNG",3.26437011515184,2.68693814506869
"9",2008-03-01,"Services (Non-R&D)","Army","YOUNG",3.87766763227766,3.14428842630875
"10",2008-04-01,"Services (Non-R&D)","Army","YOUNG",3.38490732505423,3.50898169082791
"11",2008-05-01,"Services (Non-R&D)","Army","YOUNG",2.62301907792842,3.29519801175343
"12",2008-06-01,"Services (Non-R&D)","Army","YOUNG",4.20417697342733,3.40403445880333
"13",2008-07-01,"Services (Non-R&D)","Army","YOUNG",3.67463766841649,3.50061123992408
"14",2008-08-01,"Services (Non-R&D)","Army","YOUNG",3.98545261578091,3.95475575254158
"15",2008-09-01,"Services (Non-R&D)","Army","YOUNG",16.1535059632429,7.93786541581345
"16",2008-10-01,"Services (Non-R&D)","Army","YOUNG",3.01975276239446,7.71957044713944
"17",2008-11-01,"Services (Non-R&D)","Army","YOUNG",3.20981727436675,7.46102533333472
"18",2008-12-01,"Services (Non-R&D)","Army","YOUNG",3.97999024374323,3.40318676016815
"19",2009-01-01,"Services (Non-R&D)","Army","YOUNG",4.6837295316627,3.95784568325756
"20",2009-02-01,"Services (Non-R&D)","Army","YOUNG",4.7016063872808,4.45510872089558
"21",2009-03-01,"Services (Non-R&D)","Army","YOUNG",4.9170906575774,4.76747552550696
"22",2009-04-01,"Services (Non-R&D)","Army","YOUNG",3.66695735006495,4.42855146497438
"23",2009-05-01,"Services (Non-R&D)","Army","YOUNG",1.90261328846071,3.49555376536768
"24",2009-06-01,"Services (Non-R&D)","Army","YOUNG",2.61246932627192,2.72734665493253
"25",2009-07-01,"Services (Non-R&D)","Army","YOUNG",1.97260917516779,2.1625639299668
"26",2009-08-01,"Services (Non-R&D)","Army","YOUNG",2.16230235006495,2.24912695050155
"27",2009-09-01,"Services (Non-R&D)","Army","YOUNG",4.08802221445118,2.74097791322797
"28",2009-10-01,"Services (Non-R&D)","Army","YOUNG",0.891932499753958,2.3807523547567
"29",2009-11-01,"Services (Non-R&D)","Army","YOUNG",1.15720648570817,2.0457203999711
"30",2009-12-01,"Services (Non-R&D)","Army","YOUNG",1.98943897609114,1.34619265385109
"31",2010-01-01,"Services (Non-R&D)","Army","YOUNG",1.97288788023107,1.70651111401013
"32",2010-02-01,"Services (Non-R&D)","Army","YOUNG",1.63639877323492,1.86624187651904
"33",2010-03-01,"Services (Non-R&D)","Army","YOUNG",1.28377793945229,1.63102153097276
"34",2010-04-01,"Services (Non-R&D)","Army","YOUNG",1.4697264860077,1.46330106623164
"35",2010-05-01,"Services (Non-R&D)","Army","YOUNG",0.923833531814292,1.22577931909143
"36",2010-06-01,"Services (Non-R&D)","Army","YOUNG",0.62282648495935,1.00546216759378
"37",2010-07-01,"Services (Non-R&D)","Army","YOUNG",0.781061625716731,0.775907214163457
"38",2010-08-01,"Services (Non-R&D)","Army","YOUNG",1.23053206560762,0.878140058761232
"39",2010-09-01,"Services (Non-R&D)","Army","YOUNG",1.72414175235344,1.2452451478926
"40",2010-10-01,"Services (Non-R&D)","Army","YOUNG",0.445738945404952,1.133470921122
"41",2010-11-01,"Services (Non-R&D)","Army","YOUNG",0.481529731032312,0.883803476263569
"42",2010-12-01,"Services (Non-R&D)","Army","YOUNG",0.761174841072178,0.562814505836481
"43",2011-01-01,"Services (Non-R&D)","Army","YOUNG",1.06737439506924,0.770026322391244
"44",2011-02-01,"Services (Non-R&D)","Army","YOUNG",0.457551109158624,0.762033448433347
"45",2011-03-01,"Services (Non-R&D)","Army","YOUNG",0.793049976636592,0.772658493621485
"46",2011-04-01,"Services (Non-R&D)","Army","YOUNG",0.701918288963491,0.650839791586236
"47",2011-05-01,"Services (Non-R&D)","Army","YOUNG",0.70609421920898,0.733687494936355
"48",2011-06-01,"Services (Non-R&D)","Army","YOUNG",0.469051051049098,0.625687853073856
"49",2011-07-01,"Services (Non-R&D)","Army","YOUNG",0.49661304591901,0.557252772059029
"50",2011-08-01,"Services (Non-R&D)","Army","YOUNG",0.698580740862358,0.554748279276822
"51",2011-09-01,"Services (Non-R&D)","Army","YOUNG",0.750422140358791,0.648538642380053
"52",2011-10-01,"Services (Non-R&D)","Army","YOUNG",0.134421732355061,0.527808204525404
"53",2011-11-01,"Services (Non-R&D)","Army","YOUNG",0.24598257592421,0.376942149546021
"54",2011-12-01,"Services (Non-R&D)","Army","YOUNG",0.462333066841726,0.280912458373666
"55",2012-01-01,"Services (Non-R&D)","Army","YOUNG",0.540586757635671,0.416300800133869
"56",2012-02-01,"Services (Non-R&D)","Army","YOUNG",0.511787139975286,0.504902321484227
"57",2012-03-01,"Services (Non-R&D)","Army","YOUNG",0.470252278611883,0.507542058740947
"58",2012-04-01,"Services (Non-R&D)","Army","YOUNG",0.170739558006385,0.384259658864518
"59",2012-05-01,"Services (Non-R&D)","Army","YOUNG",0.371767890598291,0.337586575738853
"60",2012-06-01,"Services (Non-R&D)","Army","YOUNG",0.461745633230357,0.334751027278344
"61",2012-07-01,"Services (Non-R&D)","Army","YOUNG",0.215521722284008,0.349678415370885
"62",2012-08-01,"Services (Non-R&D)","Army","YOUNG",0.179402353506333,0.285556569673566
"63",2012-09-01,"Services (Non-R&D)","Army","YOUNG",0.316985410287303,0.237303162025881
"64",2012-10-01,"Services (Non-R&D)","Army","YOUNG",0.137246467203412,0.211211410332349
"65",2012-11-01,"Services (Non-R&D)","Army","YOUNG",0.216476291864324,0.223569389785013
"66",2012-12-01,"Services (Non-R&D)","Army","YOUNG",0.408866071031583,0.254196276699773
"67",2013-01-01,"Services (Non-R&D)","Army","YOUNG",0.240124256455773,0.288488873117227
"68",2013-02-01,"Services (Non-R&D)","Army","YOUNG",0.0922611403500559,0.247083822612471
"69",2013-03-01,"Services (Non-R&D)","Army","YOUNG",0.161244739676653,0.164543378827494
"70",2013-04-01,"Services (Non-R&D)","Army","YOUNG",0.0268649548541688,0.0934569449602925
"71",2013-05-01,"Services (Non-R&D)","Army","YOUNG",0.378366450222911,0.188825381584577
"72",2013-06-01,"Services (Non-R&D)","Army","YOUNG",0.479574021058495,0.294935142045191
"73",2013-07-01,"Services (Non-R&D)","Army","YOUNG",0.183152761377577,0.347031077552994
"74",2013-08-01,"Services (Non-R&D)","Army","YOUNG",0.0137535040984056,0.225493428844826
"75",2013-09-01,"Services (Non-R&D)","Army","YOUNG",0.0823206112543922,0.0930756255767916
"76",2013-10-01,"Services (Non-R&D)","Army","YOUNG",0.0394050201254,0.0451597118260659
"77",2013-11-01,"Services (Non-R&D)","Army","YOUNG",0.0974541423451,0.073059924574964
"78",2013-12-01,"Services (Non-R&D)","Army","YOUNG",0.2921224455563,0.142993869342267
"79",2014-01-01,"Services (Non-R&D)","Army","YOUNG",0.125881059741,0.1718192158808
"80",2014-02-01,"Services (Non-R&D)","Army","YOUNG",0.10371982189,0.1739077757291
"81",2014-03-01,"Services (Non-R&D)","Army","YOUNG",0.4649068635946,0.231502581741867
"82",2014-04-01,"Services (Non-R&D)","Army","YOUNG",0.0566404460988,0.208422377194467
"83",2014-05-01,"Services (Non-R&D)","Army","YOUNG",0.0330201726849,0.184855827459433
"84",2014-06-01,"Services (Non-R&D)","Army","YOUNG",0.1176421667458,0.0691009285098333
"85",2014-07-01,"Services (Non-R&D)","Army","YOUNG",-0.0728333476586,0.0259429972573667
"86",2014-08-01,"Services (Non-R&D)","Army","YOUNG",0.0294347025943,0.0247478405605
"87",2014-09-01,"Services (Non-R&D)","Army","YOUNG",0.0229216688114,-0.00682565875096667
"88",2010-11-01,"Services (Non-R&D)","Army","BBP1",1.01743283408519,NA
"89",2010-12-01,"Services (Non-R&D)","Army","BBP1",1.94136335768989,NA
"90",2011-01-01,"Services (Non-R&D)","Army","BBP1",1.34198002889215,1.43359207355574
"91",2011-02-01,"Services (Non-R&D)","Army","BBP1",1.44366989554133,1.57567109404112
"92",2011-03-01,"Services (Non-R&D)","Army","BBP1",2.58730800689257,1.79098597710869
"93",2011-04-01,"Services (Non-R&D)","Army","BBP1",3.0475166892992,2.35949819724437
"94",2011-05-01,"Services (Non-R&D)","Army","BBP1",2.76461085694503,2.7998118510456
"95",2011-06-01,"Services (Non-R&D)","Army","BBP1",4.15949619908728,3.32387458177717
"96",2011-07-01,"Services (Non-R&D)","Army","BBP1",3.50978164422996,3.47796290008742
"97",2011-08-01,"Services (Non-R&D)","Army","BBP1",3.53513605602182,3.73480463311302
"98",2011-09-01,"Services (Non-R&D)","Army","BBP1",12.2583474780424,6.43442172609805
"99",2011-10-01,"Services (Non-R&D)","Army","BBP1",0.86334927901349,5.55227760435923
"100",2011-11-01,"Services (Non-R&D)","Army","BBP1",1.5202210399135,4.88063926565646
"101",2011-12-01,"Services (Non-R&D)","Army","BBP1",2.46957589692102,1.61771540528267
"102",2012-01-01,"Services (Non-R&D)","Army","BBP1",2.31677553341571,2.10219082341674
"103",2012-02-01,"Services (Non-R&D)","Army","BBP1",3.29188864299248,2.69274669110974
"104",2012-03-01,"Services (Non-R&D)","Army","BBP1",4.66619293580476,3.42495237073765
"105",2012-04-01,"Services (Non-R&D)","Army","BBP1",2.66785234666873,3.54197797515532
"106",2012-05-01,"Services (Non-R&D)","Army","BBP1",4.00574907591391,3.7799314527958
"107",2012-06-01,"Services (Non-R&D)","Army","BBP1",3.51762299499537,3.39707480585933
"108",2012-07-01,"Services (Non-R&D)","Army","BBP1",3.02215982902894,3.5151772999794
"109",2012-08-01,"Services (Non-R&D)","Army","BBP1",4.13293179438781,3.5575715394707
"110",2012-09-01,"Services (Non-R&D)","Army","BBP1",12.6177423864998,6.5909446699722
"111",2012-10-01,"Services (Non-R&D)","Army","BBP1",1.55002030441495,6.10023149510087
"112",2012-11-01,"Services (Non-R&D)","Army","BBP1",2.32303096941414,5.49693122010964
"113",2012-12-01,"Services (Non-R&D)","Army","BBP1",3.32299925078085,2.39868350820331
"114",2013-01-01,"Services (Non-R&D)","Army","BBP1",2.24352299517234,2.62985107178911
"115",2013-02-01,"Services (Non-R&D)","Army","BBP1",2.15888593359703,2.57513605985007
"116",2013-03-01,"Services (Non-R&D)","Army","BBP1",1.91816919354697,2.10685937410545
"117",2013-04-01,"Services (Non-R&D)","Army","BBP1",2.22008290923073,2.09904601212491
"118",2013-05-01,"Services (Non-R&D)","Army","BBP1",3.66267601797106,2.60030937358292
"119",2013-06-01,"Services (Non-R&D)","Army","BBP1",3.14144108182452,3.00806666967543
"120",2013-07-01,"Services (Non-R&D)","Army","BBP1",3.15311982652381,3.3190789754398
"121",2013-08-01,"Services (Non-R&D)","Army","BBP1",3.15123644260262,3.14859911698365
"122",2013-09-01,"Services (Non-R&D)","Army","BBP1",11.2453104360758,5.84988890173406
"123",2013-10-01,"Services (Non-R&D)","Army","BBP1",0.8152688762745,5.07060525165096
"124",2013-11-01,"Services (Non-R&D)","Army","BBP1",1.8390648723306,4.63321472822695
"125",2013-12-01,"Services (Non-R&D)","Army","BBP1",2.8371032742299,1.83047900761167
"126",2014-01-01,"Services (Non-R&D)","Army","BBP1",1.4879710167284,2.05471305442963
"127",2014-02-01,"Services (Non-R&D)","Army","BBP1",2.1177301286221,2.14760147319347
"128",2014-03-01,"Services (Non-R&D)","Army","BBP1",2.8922272664338,2.16597613726143
"129",2014-04-01,"Services (Non-R&D)","Army","BBP1",2.7316672692361,2.580541554764
"130",2014-05-01,"Services (Non-R&D)","Army","BBP1",2.9561789764785,2.86002450404947
"131",2014-06-01,"Services (Non-R&D)","Army","BBP1",3.3474163710906,3.01175420560173
"132",2014-07-01,"Services (Non-R&D)","Army","BBP1",3.2091248458265,3.17090673113187
"133",2014-08-01,"Services (Non-R&D)","Army","BBP1",3.2044108016806,3.2536506728659
"134",2014-09-01,"Services (Non-R&D)","Army","BBP1",5.2885392560325,3.9006916345132
"135",2007-07-01,"Services (Non-R&D)","Navy","YOUNG",0.361846441598384,NA
"136",2007-08-01,"Services (Non-R&D)","Navy","YOUNG",1.4186951506095,NA
"137",2007-09-01,"Services (Non-R&D)","Navy","YOUNG",5.05950757446402,2.28001638889063
"138",2007-10-01,"Services (Non-R&D)","Navy","YOUNG",1.64259730693059,2.70693334400137
"139",2007-11-01,"Services (Non-R&D)","Navy","YOUNG",1.17974394570499,2.62728294236653
"140",2007-12-01,"Services (Non-R&D)","Navy","YOUNG",1.29392286601952,1.3720880395517
"141",2008-01-01,"Services (Non-R&D)","Navy","YOUNG",1.21785922595445,1.23050867922632
"142",2008-02-01,"Services (Non-R&D)","Navy","YOUNG",1.32058896160304,1.277457017859
"143",2008-03-01,"Services (Non-R&D)","Navy","YOUNG",1.95385304556399,1.49743374437382
"144",2008-04-01,"Services (Non-R&D)","Navy","YOUNG",1.82893934501085,1.70112711739262
"145",2008-05-01,"Services (Non-R&D)","Navy","YOUNG",1.23032734842733,1.67103991300072
"146",2008-06-01,"Services (Non-R&D)","Navy","YOUNG",1.52667499664859,1.52864723002892
"147",2008-07-01,"Services (Non-R&D)","Navy","YOUNG",1.70763358579176,1.48821197695589
"148",2008-08-01,"Services (Non-R&D)","Navy","YOUNG",2.07095076638829,1.76841978294288
"149",2008-09-01,"Services (Non-R&D)","Navy","YOUNG",7.32521452463124,3.70126629227043
"150",2008-10-01,"Services (Non-R&D)","Navy","YOUNG",1.86867181717904,3.75494570273285
"151",2008-11-01,"Services (Non-R&D)","Navy","YOUNG",1.92341394030093,3.70576676070374
"152",2008-12-01,"Services (Non-R&D)","Navy","YOUNG",2.97218097179043,2.25475557642347
"153",2009-01-01,"Services (Non-R&D)","Navy","YOUNG",1.68377691046763,2.193123940853
"154",2009-02-01,"Services (Non-R&D)","Navy","YOUNG",1.73380627475644,2.1299213856715
"155",2009-03-01,"Services (Non-R&D)","Navy","YOUNG",2.44902516318467,1.95553611613625
"156",2009-04-01,"Services (Non-R&D)","Navy","YOUNG",1.51130884966443,1.89804676253518
"157",2009-05-01,"Services (Non-R&D)","Navy","YOUNG",0.52650840481706,1.49561413922205
"158",2009-06-01,"Services (Non-R&D)","Navy","YOUNG",0.592729863195497,0.876849039225662
"159",2009-07-01,"Services (Non-R&D)","Navy","YOUNG",0.646523625568305,0.588587297860287
"160",2009-08-01,"Services (Non-R&D)","Navy","YOUNG",0.68454403111063,0.641265839958144
"161",2009-09-01,"Services (Non-R&D)","Navy","YOUNG",1.27191406674605,0.867660574474994
"162",2009-10-01,"Services (Non-R&D)","Navy","YOUNG",0.747965570143346,0.901474556000008
"163",2009-11-01,"Services (Non-R&D)","Navy","YOUNG",0.48036882301027,0.833416153299888
"164",2009-12-01,"Services (Non-R&D)","Navy","YOUNG",0.576604749668378,0.601646380940665
"165",2010-01-01,"Services (Non-R&D)","Navy","YOUNG",1.10303477449722,0.720002782391955
"166",2010-02-01,"Services (Non-R&D)","Navy","YOUNG",0.530338989687634,0.736659504617744
"167",2010-03-01,"Services (Non-R&D)","Navy","YOUNG",0.657518836703038,0.76363086696263
"168",2010-04-01,"Services (Non-R&D)","Navy","YOUNG",0.555351440275995,0.581069755555556
"169",2010-05-01,"Services (Non-R&D)","Navy","YOUNG",0.310651390233205,0.507840555737413
"170",2010-06-01,"Services (Non-R&D)","Navy","YOUNG",0.354120771983312,0.406707867497504
"171",2010-07-01,"Services (Non-R&D)","Navy","YOUNG",0.372168602396235,0.345646921537584
"172",2010-08-01,"Services (Non-R&D)","Navy","YOUNG",0.377049339302525,0.367779571227357
"173",2010-09-01,"Services (Non-R&D)","Navy","YOUNG",0.92982331287976,0.55968041819284
"174",2010-10-01,"Services (Non-R&D)","Navy","YOUNG",0.574746511309274,0.62720638783052
"175",2010-11-01,"Services (Non-R&D)","Navy","YOUNG",0.332837148814519,0.612468991001185
"176",2010-12-01,"Services (Non-R&D)","Navy","YOUNG",0.495354832647923,0.467646164257239
"177",2011-01-01,"Services (Non-R&D)","Navy","YOUNG",0.377118782144356,0.401770254535599
"178",2011-02-01,"Services (Non-R&D)","Navy","YOUNG",0.266642052538817,0.379705222443698
"179",2011-03-01,"Services (Non-R&D)","Navy","YOUNG",0.585894972765422,0.409885269149531
"180",2011-04-01,"Services (Non-R&D)","Navy","YOUNG",0.272914417939572,0.37515048108127
"181",2011-05-01,"Services (Non-R&D)","Navy","YOUNG",0.374199378713806,0.4110029231396
"182",2011-06-01,"Services (Non-R&D)","Navy","YOUNG",0.391838581378514,0.346317459343964
"183",2011-07-01,"Services (Non-R&D)","Navy","YOUNG",0.360760338816618,0.375599432969646
"184",2011-08-01,"Services (Non-R&D)","Navy","YOUNG",0.524136880214016,0.425578600136383
"185",2011-09-01,"Services (Non-R&D)","Navy","YOUNG",0.627910174066303,0.504269131032312
"186",2011-10-01,"Services (Non-R&D)","Navy","YOUNG",0.358003362073937,0.503350138784752
"187",2011-11-01,"Services (Non-R&D)","Navy","YOUNG",0.340423833209762,0.442112456450001
"188",2011-12-01,"Services (Non-R&D)","Navy","YOUNG",0.300689272886418,0.333038822723372
"189",2012-01-01,"Services (Non-R&D)","Navy","YOUNG",0.375368970651838,0.338827358916006
"190",2012-02-01,"Services (Non-R&D)","Navy","YOUNG",0.642481288610854,0.439513177383036
"191",2012-03-01,"Services (Non-R&D)","Navy","YOUNG",0.298151117196993,0.438667125486562
"192",2012-04-01,"Services (Non-R&D)","Navy","YOUNG",0.266829459684893,0.40248728849758
"193",2012-05-01,"Services (Non-R&D)","Navy","YOUNG",0.238110765410359,0.267697114097415
"194",2012-06-01,"Services (Non-R&D)","Navy","YOUNG",0.139680809473793,0.214873678189682
"195",2012-07-01,"Services (Non-R&D)","Navy","YOUNG",0.187043962825662,0.188278512569938
"196",2012-08-01,"Services (Non-R&D)","Navy","YOUNG",0.45707589716816,0.261266889822538
"197",2012-09-01,"Services (Non-R&D)","Navy","YOUNG",0.357613555421687,0.333911138471836
"198",2012-10-01,"Services (Non-R&D)","Navy","YOUNG",0.216859348159744,0.343849600249864
"199",2012-11-01,"Services (Non-R&D)","Navy","YOUNG",0.128595943846349,0.234356282475927
"200",2012-12-01,"Services (Non-R&D)","Navy","YOUNG",0.12946422958627,0.158306507197454
"201",2013-01-01,"Services (Non-R&D)","Navy","YOUNG",0.0676790041713212,0.10857972586798
"202",2013-02-01,"Services (Non-R&D)","Navy","YOUNG",0.0749671101136387,0.0907034479570766
"203",2013-03-01,"Services (Non-R&D)","Navy","YOUNG",0.160983148088555,0.101209754124505
"204",2013-04-01,"Services (Non-R&D)","Navy","YOUNG",0.101377187127552,0.112442481776582
"205",2013-05-01,"Services (Non-R&D)","Navy","YOUNG",0.0639401488313192,0.108766828015809
"206",2013-06-01,"Services (Non-R&D)","Navy","YOUNG",0.064760457337057,0.0766925977653092
"207",2013-07-01,"Services (Non-R&D)","Navy","YOUNG",0.103553493347111,0.077418033171829
"208",2013-08-01,"Services (Non-R&D)","Navy","YOUNG",0.0836574257212349,0.0839904588018009
"209",2013-09-01,"Services (Non-R&D)","Navy","YOUNG",0.193519572969331,0.126910164012559
"210",2013-10-01,"Services (Non-R&D)","Navy","YOUNG",0.0349225222867,0.104033173659089
"211",2013-11-01,"Services (Non-R&D)","Navy","YOUNG",0.0827409056725,0.103727666976177
"212",2013-12-01,"Services (Non-R&D)","Navy","YOUNG",0.0548503266712,0.0575045848768
"213",2014-01-01,"Services (Non-R&D)","Navy","YOUNG",0.038235571618,0.0586089346539
"214",2014-02-01,"Services (Non-R&D)","Navy","YOUNG",0.0178459610772,0.0369772864554667
"215",2014-03-01,"Services (Non-R&D)","Navy","YOUNG",0.1251923300401,0.0604246209117667
"216",2014-04-01,"Services (Non-R&D)","Navy","YOUNG",0.0355936092279,0.0595439667817333
"217",2014-05-01,"Services (Non-R&D)","Navy","YOUNG",0.0317163897231,0.0641674429970333
"218",2014-06-01,"Services (Non-R&D)","Navy","YOUNG",0.0537392292486,0.0403497427332
"219",2014-07-01,"Services (Non-R&D)","Navy","YOUNG",0.0315272811781,0.0389943000499333
"220",2014-08-01,"Services (Non-R&D)","Navy","YOUNG",0.1030392781452,0.0627685961906333
"221",2014-09-01,"Services (Non-R&D)","Navy","YOUNG",0.0782312934548,0.0709326175927
"222",2010-11-01,"Services (Non-R&D)","Navy","BBP1",0.688447360438523,NA
"223",2010-12-01,"Services (Non-R&D)","Navy","BBP1",1.15917983364457,NA
"224",2011-01-01,"Services (Non-R&D)","Navy","BBP1",0.809345339897188,0.885657511326759
"225",2011-02-01,"Services (Non-R&D)","Navy","BBP1",0.982584839467058,0.983703337669604
"226",2011-03-01,"Services (Non-R&D)","Navy","BBP1",1.24176856286194,1.0112329140754
"227",2011-04-01,"Services (Non-R&D)","Navy","BBP1",1.15239982966848,1.12558441066583
"228",2011-05-01,"Services (Non-R&D)","Navy","BBP1",1.10810411361729,1.1674241687159
"229",2011-06-01,"Services (Non-R&D)","Navy","BBP1",2.62244437087705,1.62764943805427
"230",2011-07-01,"Services (Non-R&D)","Navy","BBP1",1.77058491961813,1.83371113470415
"231",2011-08-01,"Services (Non-R&D)","Navy","BBP1",2.0023396636068,2.13178965136732
"232",2011-09-01,"Services (Non-R&D)","Navy","BBP1",6.4703943688418,3.41443965068891
"233",2011-10-01,"Services (Non-R&D)","Navy","BBP1",0.844235734167439,3.10565658887201
"234",2011-11-01,"Services (Non-R&D)","Navy","BBP1",0.898026685042735,2.73755226268399
"235",2011-12-01,"Services (Non-R&D)","Navy","BBP1",1.38963543807023,1.0439659524268
"236",2012-01-01,"Services (Non-R&D)","Navy","BBP1",1.53869075997323,1.27545096102873
"237",2012-02-01,"Services (Non-R&D)","Navy","BBP1",1.57871623072804,1.50234747625717
"238",2012-03-01,"Services (Non-R&D)","Navy","BBP1",2.15528404182885,1.75756367751004
"239",2012-04-01,"Services (Non-R&D)","Navy","BBP1",1.57500705642055,1.76966910965915
"240",2012-05-01,"Services (Non-R&D)","Navy","BBP1",1.60121870623005,1.77716993482649
"241",2012-06-01,"Services (Non-R&D)","Navy","BBP1",1.86393895209556,1.68005490491539
"242",2012-07-01,"Services (Non-R&D)","Navy","BBP1",1.91703592556894,1.79406452796485
"243",2012-08-01,"Services (Non-R&D)","Navy","BBP1",2.45326416924107,2.07807968230186
"244",2012-09-01,"Services (Non-R&D)","Navy","BBP1",6.40598390716713,3.59209466732571
"245",2012-10-01,"Services (Non-R&D)","Navy","BBP1",1.64840050103402,3.50254952581407
"246",2012-11-01,"Services (Non-R&D)","Navy","BBP1",1.62797757039921,3.22745399286679
"247",2012-12-01,"Services (Non-R&D)","Navy","BBP1",1.64863600428405,1.64167135857242
"248",2013-01-01,"Services (Non-R&D)","Navy","BBP1",1.29492091288596,1.52384482918974
"249",2013-02-01,"Services (Non-R&D)","Navy","BBP1",1.28827458457327,1.41061050058109
"250",2013-03-01,"Services (Non-R&D)","Navy","BBP1",1.31570865668031,1.29963471804651
"251",2013-04-01,"Services (Non-R&D)","Navy","BBP1",1.37625332968985,1.32674552364781
"252",2013-05-01,"Services (Non-R&D)","Navy","BBP1",1.54423778310775,1.41206658982597
"253",2013-06-01,"Services (Non-R&D)","Navy","BBP1",1.58824343320179,1.50291151533313
"254",2013-07-01,"Services (Non-R&D)","Navy","BBP1",1.69707958847344,1.60985360159433
"255",2013-08-01,"Services (Non-R&D)","Navy","BBP1",2.18493795253905,1.82342032473809
"256",2013-09-01,"Services (Non-R&D)","Navy","BBP1",6.23813318097177,3.37338357399475
"257",2013-10-01,"Services (Non-R&D)","Navy","BBP1",0.8926051594919,3.10522543100091
"258",2013-11-01,"Services (Non-R&D)","Navy","BBP1",1.4881729977406,2.87297044606809
"259",2013-12-01,"Services (Non-R&D)","Navy","BBP1",1.9969849755275,1.45925437758667
"260",2014-01-01,"Services (Non-R&D)","Navy","BBP1",1.2696380760409,1.58493201643633
"261",2014-02-01,"Services (Non-R&D)","Navy","BBP1",1.5859786860675,1.6175339125453
"262",2014-03-01,"Services (Non-R&D)","Navy","BBP1",2.0788511911744,1.64482265109427
"263",2014-04-01,"Services (Non-R&D)","Navy","BBP1",1.606777393009,1.75720242341697
"264",2014-05-01,"Services (Non-R&D)","Navy","BBP1",1.6171727113283,1.76760043183723
"265",2014-06-01,"Services (Non-R&D)","Navy","BBP1",2.3292381608057,1.85106275504767
"266",2014-07-01,"Services (Non-R&D)","Navy","BBP1",2.3041579125788,2.0835229282376
"267",2014-08-01,"Services (Non-R&D)","Navy","BBP1",2.4661969629099,2.36653101209813
"268",2014-09-01,"Services (Non-R&D)","Navy","BBP1",3.6668610652828,2.8124053135905
"269",2007-07-01,"Services (Non-R&D)","Air Force","YOUNG",0.324344599685711,NA
"270",2007-08-01,"Services (Non-R&D)","Air Force","YOUNG",1.02740338086205,NA
"271",2007-09-01,"Services (Non-R&D)","Air Force","YOUNG",3.71348410003367,1.68841069352714
"272",2007-10-01,"Services (Non-R&D)","Air Force","YOUNG",1.15241279244035,1.96443342444536
"273",2007-11-01,"Services (Non-R&D)","Air Force","YOUNG",0.868164850379609,1.91135391428454
"274",2007-12-01,"Services (Non-R&D)","Air Force","YOUNG",1.27489291582429,1.09849018621475
"275",2008-01-01,"Services (Non-R&D)","Air Force","YOUNG",0.948976264913232,1.03067801037238
"276",2008-02-01,"Services (Non-R&D)","Air Force","YOUNG",1.85065592617137,1.3581750356363
"277",2008-03-01,"Services (Non-R&D)","Air Force","YOUNG",1.30262279375271,1.3674183282791
"278",2008-04-01,"Services (Non-R&D)","Air Force","YOUNG",1.07492181533623,1.4094001784201
"279",2008-05-01,"Services (Non-R&D)","Air Force","YOUNG",0.836421619316703,1.07132207613521
"280",2008-06-01,"Services (Non-R&D)","Air Force","YOUNG",1.13489441126898,1.0154126153073
"281",2008-07-01,"Services (Non-R&D)","Air Force","YOUNG",1.06619847398048,1.01250483485539
"282",2008-08-01,"Services (Non-R&D)","Air Force","YOUNG",1.38929862013015,1.19679716845987
"283",2008-09-01,"Services (Non-R&D)","Air Force","YOUNG",5.36209500286334,2.60586403232466
"284",2008-10-01,"Services (Non-R&D)","Air Force","YOUNG",1.89978179856029,2.88372514051793
"285",2008-11-01,"Services (Non-R&D)","Air Force","YOUNG",0.681427162405283,2.64776798794297
"286",2008-12-01,"Services (Non-R&D)","Air Force","YOUNG",2.76000444686079,1.78040446927546
"287",2009-01-01,"Services (Non-R&D)","Air Force","YOUNG",1.33958957741935,1.59367372889514
"288",2009-02-01,"Services (Non-R&D)","Air Force","YOUNG",1.90273906487367,2.00077769638461
"289",2009-03-01,"Services (Non-R&D)","Air Force","YOUNG",1.59365336149599,1.61199400126301
"290",2009-04-01,"Services (Non-R&D)","Air Force","YOUNG",1.40262216331457,1.63300486322808
"291",2009-05-01,"Services (Non-R&D)","Air Force","YOUNG",0.58550325700368,1.19392626060475
"292",2009-06-01,"Services (Non-R&D)","Air Force","YOUNG",0.521376944858194,0.836500788392148
"293",2009-07-01,"Services (Non-R&D)","Air Force","YOUNG",0.54370289223858,0.550194364700151
"294",2009-08-01,"Services (Non-R&D)","Air Force","YOUNG",0.59688920555315,0.553989680883308
"295",2009-09-01,"Services (Non-R&D)","Air Force","YOUNG",1.11074846394241,0.750446853911381
"296",2009-10-01,"Services (Non-R&D)","Air Force","YOUNG",0.704013557124519,0.803883742206693
"297",2009-11-01,"Services (Non-R&D)","Air Force","YOUNG",0.38970827385537,0.734823431640767
"298",2009-12-01,"Services (Non-R&D)","Air Force","YOUNG",0.790137832252888,0.627953221077592
"299",2010-01-01,"Services (Non-R&D)","Air Force","YOUNG",0.590843363885323,0.590229823331194
"300",2010-02-01,"Services (Non-R&D)","Air Force","YOUNG",0.467976513446727,0.616319236528313
"301",2010-03-01,"Services (Non-R&D)","Air Force","YOUNG",0.551438543185708,0.536752806839253
"302",2010-04-01,"Services (Non-R&D)","Air Force","YOUNG",0.356041765436457,0.458485607356297
"303",2010-05-01,"Services (Non-R&D)","Air Force","YOUNG",0.275058894672657,0.394179734431607
"304",2010-06-01,"Services (Non-R&D)","Air Force","YOUNG",0.236916273095849,0.289338977734988
"305",2010-07-01,"Services (Non-R&D)","Air Force","YOUNG",0.220848516613179,0.244274561460562
"306",2010-08-01,"Services (Non-R&D)","Air Force","YOUNG",0.588325090275995,0.348696626661675
"307",2010-09-01,"Services (Non-R&D)","Air Force","YOUNG",0.819750428241335,0.542974678376836
"308",2010-10-01,"Services (Non-R&D)","Air Force","YOUNG",0.561718775020982,0.656598097846104
"309",2010-11-01,"Services (Non-R&D)","Air Force","YOUNG",0.522258580381872,0.634575927881396
"310",2010-12-01,"Services (Non-R&D)","Air Force","YOUNG",0.454968805801511,0.512982053734788
"311",2011-01-01,"Services (Non-R&D)","Air Force","YOUNG",0.308017289676878,0.42841489195342
"312",2011-02-01,"Services (Non-R&D)","Air Force","YOUNG",0.547520724937054,0.436835606805147
"313",2011-03-01,"Services (Non-R&D)","Air Force","YOUNG",0.314008509809064,0.389848841474332
"314",2011-04-01,"Services (Non-R&D)","Air Force","YOUNG",0.216635273248007,0.359388169331375
"315",2011-05-01,"Services (Non-R&D)","Air Force","YOUNG",0.371526536644985,0.300723439900685
"316",2011-06-01,"Services (Non-R&D)","Air Force","YOUNG",0.585084486382711,0.391082098758568
"317",2011-07-01,"Services (Non-R&D)","Air Force","YOUNG",0.117755146212757,0.358122056413484
"318",2011-08-01,"Services (Non-R&D)","Air Force","YOUNG",0.147732500136383,0.28352404424395
"319",2011-09-01,"Services (Non-R&D)","Air Force","YOUNG",0.261539704122954,0.175675783490698
"320",2011-10-01,"Services (Non-R&D)","Air Force","YOUNG",0.353501639367727,0.254257947875688
"321",2011-11-01,"Services (Non-R&D)","Air Force","YOUNG",0.208381422592936,0.274474255361206
"322",2011-12-01,"Services (Non-R&D)","Air Force","YOUNG",0.274551081175986,0.27881138104555
"323",2012-01-01,"Services (Non-R&D)","Air Force","YOUNG",0.409849539666358,0.297594014478427
"324",2012-02-01,"Services (Non-R&D)","Air Force","YOUNG",0.150052746483369,0.278151122441904
"325",2012-03-01,"Services (Non-R&D)","Air Force","YOUNG",0.410700990670374,0.3235344256067
"326",2012-04-01,"Services (Non-R&D)","Air Force","YOUNG",0.226226706065287,0.262326814406343
"327",2012-05-01,"Services (Non-R&D)","Air Force","YOUNG",0.199161713932654,0.278696470222771
"328",2012-06-01,"Services (Non-R&D)","Air Force","YOUNG",0.115500696457625,0.180296372151855
"329",2012-07-01,"Services (Non-R&D)","Air Force","YOUNG",0.115567648717949,0.143410019702743
"330",2012-08-01,"Services (Non-R&D)","Air Force","YOUNG",0.42827441819586,0.219780921123811
"331",2012-09-01,"Services (Non-R&D)","Air Force","YOUNG",0.193361777087839,0.245734614667216
"332",2012-10-01,"Services (Non-R&D)","Air Force","YOUNG",0.311275207428252,0.31097046757065
"333",2012-11-01,"Services (Non-R&D)","Air Force","YOUNG",0.139600744805931,0.214745909774007
"334",2012-12-01,"Services (Non-R&D)","Air Force","YOUNG",0.70494166177841,0.385272538004198
"335",2013-01-01,"Services (Non-R&D)","Air Force","YOUNG",0.16749619671372,0.337346201099353
"336",2013-02-01,"Services (Non-R&D)","Air Force","YOUNG",0.026439566580786,0.299625808357639
"337",2013-03-01,"Services (Non-R&D)","Air Force","YOUNG",-0.00205927910449883,0.0639588280633357
"338",2013-04-01,"Services (Non-R&D)","Air Force","YOUNG",0.277943939683558,0.100774742386615
"339",2013-05-01,"Services (Non-R&D)","Air Force","YOUNG",0.0615655248082665,0.112483395129109
"340",2013-06-01,"Services (Non-R&D)","Air Force","YOUNG",0.0987320062066619,0.146080490232829
"341",2013-07-01,"Services (Non-R&D)","Air Force","YOUNG",0.11841600085295,0.0929045106226262
"342",2013-08-01,"Services (Non-R&D)","Air Force","YOUNG",0.0132131215218848,0.076787042860499
"343",2013-09-01,"Services (Non-R&D)","Air Force","YOUNG",0.15478726532812,0.0954721292343184
"344",2013-10-01,"Services (Non-R&D)","Air Force","YOUNG",0.1315003219787,0.0998335696095684
"345",2013-11-01,"Services (Non-R&D)","Air Force","YOUNG",0.1752083734761,0.15383198692764
"346",2013-12-01,"Services (Non-R&D)","Air Force","YOUNG",0.3420600706235,0.216256255359433
"347",2014-01-01,"Services (Non-R&D)","Air Force","YOUNG",0.047363954988,0.188210799695867
"348",2014-02-01,"Services (Non-R&D)","Air Force","YOUNG",0.0749291505922,0.1547843920679
"349",2014-03-01,"Services (Non-R&D)","Air Force","YOUNG",0.2018601831662,0.1080510962488
"350",2014-04-01,"Services (Non-R&D)","Air Force","YOUNG",0.1314666373685,0.136085323708967
"351",2014-05-01,"Services (Non-R&D)","Air Force","YOUNG",0.310553607288,0.214626809274233
"352",2014-06-01,"Services (Non-R&D)","Air Force","YOUNG",0.0990628860146,0.180361043557033
"353",2014-07-01,"Services (Non-R&D)","Air Force","YOUNG",0.0525730704644,0.154063187922333
"354",2014-08-01,"Services (Non-R&D)","Air Force","YOUNG",0.0464304226487,0.0660221263759
"355",2014-09-01,"Services (Non-R&D)","Air Force","YOUNG",0.1389253490677,0.0793096140602667
"356",2010-11-01,"Services (Non-R&D)","Air Force","BBP1",0.397710494072598,NA
"357",2010-12-01,"Services (Non-R&D)","Air Force","BBP1",1.00413322759127,NA
"358",2011-01-01,"Services (Non-R&D)","Air Force","BBP1",0.841660190316827,0.747834637326899
"359",2011-02-01,"Services (Non-R&D)","Air Force","BBP1",0.638213932899706,0.828002450269268
"360",2011-03-01,"Services (Non-R&D)","Air Force","BBP1",0.912196675440621,0.797356932885718
"361",2011-04-01,"Services (Non-R&D)","Air Force","BBP1",0.854727175083928,0.801712594474752
"362",2011-05-01,"Services (Non-R&D)","Air Force","BBP1",0.722329619880403,0.82975115680165
"363",2011-06-01,"Services (Non-R&D)","Air Force","BBP1",1.03331123657155,0.870122677178626
"364",2011-07-01,"Services (Non-R&D)","Air Force","BBP1",1.13679686520143,0.964145907217793
"365",2011-08-01,"Services (Non-R&D)","Air Force","BBP1",1.49531745618968,1.22180851932088
"366",2011-09-01,"Services (Non-R&D)","Air Force","BBP1",3.16841918108477,1.93351116749196
"367",2011-10-01,"Services (Non-R&D)","Air Force","BBP1",1.62225862610442,2.09533175445962
"368",2011-11-01,"Services (Non-R&D)","Air Force","BBP1",0.773548270136958,1.85474202577538
"369",2011-12-01,"Services (Non-R&D)","Air Force","BBP1",2.03095790808238,1.47558826810792
"370",2012-01-01,"Services (Non-R&D)","Air Force","BBP1",1.08922811382968,1.29791143068301
"371",2012-02-01,"Services (Non-R&D)","Air Force","BBP1",1.15048286385542,1.42355629525583
"372",2012-03-01,"Services (Non-R&D)","Air Force","BBP1",1.946728344187,1.39547977395737
"373",2012-04-01,"Services (Non-R&D)","Air Force","BBP1",1.45850776567552,1.51857299123932
"374",2012-05-01,"Services (Non-R&D)","Air Force","BBP1",1.1884869562146,1.53124102202571
"375",2012-06-01,"Services (Non-R&D)","Air Force","BBP1",3.34910972550716,1.99870148246576
"376",2012-07-01,"Services (Non-R&D)","Air Force","BBP1",1.04580843255072,1.86113503809082
"377",2012-08-01,"Services (Non-R&D)","Air Force","BBP1",1.21836396032334,1.87109403946041
"378",2012-09-01,"Services (Non-R&D)","Air Force","BBP1",3.501938231512,1.92203687479535
"379",2012-10-01,"Services (Non-R&D)","Air Force","BBP1",2.02540628398101,2.24856949193878
"380",2012-11-01,"Services (Non-R&D)","Air Force","BBP1",2.17073789410582,2.56602746986627
"381",2012-12-01,"Services (Non-R&D)","Air Force","BBP1",2.84925854268335,2.34846757359006
"382",2013-01-01,"Services (Non-R&D)","Air Force","BBP1",1.06834318074276,2.02944653917731
"383",2013-02-01,"Services (Non-R&D)","Air Force","BBP1",0.932564190323855,1.61672197124999
"384",2013-03-01,"Services (Non-R&D)","Air Force","BBP1",1.2523049314839,1.08440410085017
"385",2013-04-01,"Services (Non-R&D)","Air Force","BBP1",1.10022310441921,1.09503074207566
"386",2013-05-01,"Services (Non-R&D)","Air Force","BBP1",0.340461169706306,0.897663068536475
"387",2013-06-01,"Services (Non-R&D)","Air Force","BBP1",1.96046706318137,1.13371711243563
"388",2013-07-01,"Services (Non-R&D)","Air Force","BBP1",1.0355898586798,1.11217269718916
"389",2013-08-01,"Services (Non-R&D)","Air Force","BBP1",1.01997912444724,1.33867868210281
"390",2013-09-01,"Services (Non-R&D)","Air Force","BBP1",3.19793341587692,1.75116746633465
"391",2013-10-01,"Services (Non-R&D)","Air Force","BBP1",2.1262253974773,2.11471264593382
"392",2013-11-01,"Services (Non-R&D)","Air Force","BBP1",1.0527546740593,2.12563782913784
"393",2013-12-01,"Services (Non-R&D)","Air Force","BBP1",2.7353438799752,1.9714413171706
"394",2014-01-01,"Services (Non-R&D)","Air Force","BBP1",1.1014278113923,1.62984212180893
"395",2014-02-01,"Services (Non-R&D)","Air Force","BBP1",1.2144678668917,1.68374651941973
"396",2014-03-01,"Services (Non-R&D)","Air Force","BBP1",2.4529453560761,1.58961367812003
"397",2014-04-01,"Services (Non-R&D)","Air Force","BBP1",1.7652635707682,1.81089226457867
"398",2014-05-01,"Services (Non-R&D)","Air Force","BBP1",1.3751831251772,1.8644640173405
"399",2014-06-01,"Services (Non-R&D)","Air Force","BBP1",1.2860481213865,1.47549827244397
"400",2014-07-01,"Services (Non-R&D)","Air Force","BBP1",1.6776289305902,1.44628672571797
"401",2014-08-01,"Services (Non-R&D)","Air Force","BBP1",1.059696400268,1.34112448408157
"402",2014-09-01,"Services (Non-R&D)","Air Force","BBP1",1.9573224750412,1.56488260196647
"403",2007-07-01,"Services (Non-R&D)","DLA","YOUNG",0.0249683429116624,NA
"404",2007-08-01,"Services (Non-R&D)","DLA","YOUNG",0.0418199742619823,NA
"405",2007-09-01,"Services (Non-R&D)","DLA","YOUNG",0.261252600606129,0.109346972593258
"406",2007-10-01,"Services (Non-R&D)","DLA","YOUNG",0.10330946845987,0.135460681109327
"407",2007-11-01,"Services (Non-R&D)","DLA","YOUNG",0.0558214405422993,0.140127836536099
"408",2007-12-01,"Services (Non-R&D)","DLA","YOUNG",0.0372186145986985,0.0654498412002892
"409",2008-01-01,"Services (Non-R&D)","DLA","YOUNG",0.0431602718980477,0.0454001090130152
"410",2008-02-01,"Services (Non-R&D)","DLA","YOUNG",0.0491856986008677,0.043188195032538
"411",2008-03-01,"Services (Non-R&D)","DLA","YOUNG",0.0827812744685466,0.0583757483224873
"412",2008-04-01,"Services (Non-R&D)","DLA","YOUNG",0.0991942055856833,0.0770537262183659
"413",2008-05-01,"Services (Non-R&D)","DLA","YOUNG",0.0803984234056399,0.0874579678199566
"414",2008-06-01,"Services (Non-R&D)","DLA","YOUNG",0.0956410435357918,0.0917445575090383
"415",2008-07-01,"Services (Non-R&D)","DLA","YOUNG",0.0876485875596529,0.0878960181670282
"416",2008-08-01,"Services (Non-R&D)","DLA","YOUNG",0.0869099261713666,0.0900665190889371
"417",2008-09-01,"Services (Non-R&D)","DLA","YOUNG",0.251973592722343,0.142177368817787
"418",2008-10-01,"Services (Non-R&D)","DLA","YOUNG",0.110825819387313,0.149903112760341
"419",2008-11-01,"Services (Non-R&D)","DLA","YOUNG",0.0641195950638666,0.142306335724508
"420",2008-12-01,"Services (Non-R&D)","DLA","YOUNG",0.0835128940788049,0.086152769509995
"421",2009-01-01,"Services (Non-R&D)","DLA","YOUNG",0.0434824738796276,0.0637049876740997
"422",2009-02-01,"Services (Non-R&D)","DLA","YOUNG",0.0430829823013639,0.0566927834199322
"423",2009-03-01,"Services (Non-R&D)","DLA","YOUNG",0.0954684010716605,0.0606779524175507
"424",2009-04-01,"Services (Non-R&D)","DLA","YOUNG",0.0605958592985495,0.066382414223858
"425",2009-05-01,"Services (Non-R&D)","DLA","YOUNG",0.0265511584866854,0.0608718062856318
"426",2009-06-01,"Services (Non-R&D)","DLA","YOUNG",0.0294745021974453,0.0388738399942267
"427",2009-07-01,"Services (Non-R&D)","DLA","YOUNG",0.0651859880060619,0.0404038828967309
"428",2009-08-01,"Services (Non-R&D)","DLA","YOUNG",0.0321252558670708,0.0422619153568593
"429",2009-09-01,"Services (Non-R&D)","DLA","YOUNG",0.165999768607924,0.0877703374936855
"430",2009-10-01,"Services (Non-R&D)","DLA","YOUNG",0.0559783683247754,0.0847011309332566
"431",2009-11-01,"Services (Non-R&D)","DLA","YOUNG",0.0364656639922978,0.0861479336416656
"432",2009-12-01,"Services (Non-R&D)","DLA","YOUNG",0.0242713742297818,0.0389051355156183
"433",2010-01-01,"Services (Non-R&D)","DLA","YOUNG",0.0238591350663243,0.028198724429468
"434",2010-02-01,"Services (Non-R&D)","DLA","YOUNG",0.0259119246576808,0.024680811317929
"435",2010-03-01,"Services (Non-R&D)","DLA","YOUNG",0.0373782710205392,0.0290497769148481
"436",2010-04-01,"Services (Non-R&D)","DLA","YOUNG",0.0398206198866068,0.0343702718549422
"437",2010-05-01,"Services (Non-R&D)","DLA","YOUNG",0.0525660996362858,0.0432549968478106
"438",2010-06-01,"Services (Non-R&D)","DLA","YOUNG",0.0280574969084296,0.0401480721437741
"439",2010-07-01,"Services (Non-R&D)","DLA","YOUNG",0.0199589405862217,0.033527512376979
"440",2010-08-01,"Services (Non-R&D)","DLA","YOUNG",0.0238275833119384,0.0239480069355299
"441",2010-09-01,"Services (Non-R&D)","DLA","YOUNG",0.122026204546427,0.055270909481529
"442",2010-10-01,"Services (Non-R&D)","DLA","YOUNG",0.0549943379563575,0.0669493752715743
"443",2010-11-01,"Services (Non-R&D)","DLA","YOUNG",0.0205472799097776,0.0658559408041874
"444",2010-12-01,"Services (Non-R&D)","DLA","YOUNG",0.0142128465065044,0.0299181547908798
"445",2011-01-01,"Services (Non-R&D)","DLA","YOUNG",0.0170115932438103,0.0172572398866974
"446",2011-02-01,"Services (Non-R&D)","DLA","YOUNG",0.0141219297524129,0.0151154565009092
"447",2011-03-01,"Services (Non-R&D)","DLA","YOUNG",0.018620806619807,0.0165847765386767
"448",2011-04-01,"Services (Non-R&D)","DLA","YOUNG",0.0257008736256819,0.0194812033326339
"449",2011-05-01,"Services (Non-R&D)","DLA","YOUNG",0.0163497226814939,0.0202238009756609
"450",2011-06-01,"Services (Non-R&D)","DLA","YOUNG",0.0236935153378095,0.0219147038816618
"451",2011-07-01,"Services (Non-R&D)","DLA","YOUNG",0.00969748022450692,0.0165802394146034
"452",2011-08-01,"Services (Non-R&D)","DLA","YOUNG",0.0345510888271087,0.0226473614631417
"453",2011-09-01,"Services (Non-R&D)","DLA","YOUNG",0.0670496580990348,0.0370994090502168
"454",2011-10-01,"Services (Non-R&D)","DLA","YOUNG",0.045221844403254,0.0489408637764659
"455",2011-11-01,"Services (Non-R&D)","DLA","YOUNG",0.0240961193285964,0.0454558739436284
"456",2011-12-01,"Services (Non-R&D)","DLA","YOUNG",0.00643709740500463,0.0252516870456184
"457",2012-01-01,"Services (Non-R&D)","DLA","YOUNG",0.0392358285037586,0.0232563484124532
"458",2012-02-01,"Services (Non-R&D)","DLA","YOUNG",0.0203786785089074,0.0220172014725569
"459",2012-03-01,"Services (Non-R&D)","DLA","YOUNG",0.0137117813098548,0.024442096107507
"460",2012-04-01,"Services (Non-R&D)","DLA","YOUNG",0.0201676924003707,0.018086050739711
"461",2012-05-01,"Services (Non-R&D)","DLA","YOUNG",0.0155687475543198,0.0164827404215151
"462",2012-06-01,"Services (Non-R&D)","DLA","YOUNG",0.0230476577386469,0.0195946992311125
"463",2012-07-01,"Services (Non-R&D)","DLA","YOUNG",0.00938278809597364,0.0159997311296468
"464",2012-08-01,"Services (Non-R&D)","DLA","YOUNG",0.0200851108330759,0.0175051855558988
"465",2012-09-01,"Services (Non-R&D)","DLA","YOUNG",0.0669053959118525,0.032124431613634
"466",2012-10-01,"Services (Non-R&D)","DLA","YOUNG",0.0244627258699096,0.0371510775382793
"467",2012-11-01,"Services (Non-R&D)","DLA","YOUNG",0.035406388830913,0.042258170204225
"468",2012-12-01,"Services (Non-R&D)","DLA","YOUNG",0.0083356421763989,0.0227349189590738
"469",2013-01-01,"Services (Non-R&D)","DLA","YOUNG",0.0169618605855591,0.020234630530957
"470",2013-02-01,"Services (Non-R&D)","DLA","YOUNG",0.00965965981669544,0.0116523875262178
"471",2013-03-01,"Services (Non-R&D)","DLA","YOUNG",0.00938702469929928,0.0120028483671846
"472",2013-04-01,"Services (Non-R&D)","DLA","YOUNG",0.0257696439595816,0.0149387761585254
"473",2013-05-01,"Services (Non-R&D)","DLA","YOUNG",0.0136534691667513,0.0162700459418774
"474",2013-06-01,"Services (Non-R&D)","DLA","YOUNG",0.0359532414040825,0.0251254515101384
"475",2013-07-01,"Services (Non-R&D)","DLA","YOUNG",0.00171134106042449,0.0171060172104194
"476",2013-08-01,"Services (Non-R&D)","DLA","YOUNG",0.00614022178795572,0.0146016014174876
"477",2013-09-01,"Services (Non-R&D)","DLA","YOUNG",0.134090861095461,0.0473141413146136
"478",2013-10-01,"Services (Non-R&D)","DLA","YOUNG",0.009360392447,0.0498638251101387
"479",2013-11-01,"Services (Non-R&D)","DLA","YOUNG",0.0121879819559,0.0518797451661202
"480",2013-12-01,"Services (Non-R&D)","DLA","YOUNG",0.0112014147729,0.0109165963919333
"481",2014-01-01,"Services (Non-R&D)","DLA","YOUNG",0.0246507464829,0.0160133810705667
"482",2014-02-01,"Services (Non-R&D)","DLA","YOUNG",0.0202539370522,0.0187020327693333
"483",2014-03-01,"Services (Non-R&D)","DLA","YOUNG",0.0052729986721,0.0167258940690667
"484",2014-04-01,"Services (Non-R&D)","DLA","YOUNG",0.0060500194814,0.0105256517352333
"485",2014-05-01,"Services (Non-R&D)","DLA","YOUNG",0.0215081530572,0.0109437237369
"486",2014-06-01,"Services (Non-R&D)","DLA","YOUNG",0.0064933942932,0.0113505222772667
"487",2014-07-01,"Services (Non-R&D)","DLA","YOUNG",0.017822145635,0.0152745643284667
"488",2014-08-01,"Services (Non-R&D)","DLA","YOUNG",0.0003922609901,0.00823593363943333
"489",2014-09-01,"Services (Non-R&D)","DLA","YOUNG",0.028025357707,0.0154132547773667
"490",2010-11-01,"Services (Non-R&D)","DLA","BBP1",0.023003579710449,NA
"491",2010-12-01,"Services (Non-R&D)","DLA","BBP1",0.0209792523919429,NA
"492",2011-01-01,"Services (Non-R&D)","DLA","BBP1",0.0689590094733529,0.0376472805252483
"493",2011-02-01,"Services (Non-R&D)","DLA","BBP1",0.0570595318610995,0.0489992645754651
"494",2011-03-01,"Services (Non-R&D)","DLA","BBP1",0.03022874291859,0.0520824280843475
"495",2011-04-01,"Services (Non-R&D)","DLA","BBP1",0.053844876437264,0.0470443837389845
"496",2011-05-01,"Services (Non-R&D)","DLA","BBP1",0.0851117592635334,0.0563951262064624
"497",2011-06-01,"Services (Non-R&D)","DLA","BBP1",0.0442929656315569,0.0610832004441181
"498",2011-07-01,"Services (Non-R&D)","DLA","BBP1",0.054362763659253,0.0612558295181144
"499",2011-08-01,"Services (Non-R&D)","DLA","BBP1",0.050681463229123,0.049779064173311
"500",2011-09-01,"Services (Non-R&D)","DLA","BBP1",0.234535225251783,0.113193150713386
"501",2011-10-01,"Services (Non-R&D)","DLA","BBP1",0.0342246849860982,0.106480457822335
"502",2011-11-01,"Services (Non-R&D)","DLA","BBP1",0.0442037702400371,0.104321226825973
"503",2011-12-01,"Services (Non-R&D)","DLA","BBP1",0.0784359444440325,0.0522881332233893
"504",2012-01-01,"Services (Non-R&D)","DLA","BBP1",0.0390018753892493,0.0538805300244396
"505",2012-02-01,"Services (Non-R&D)","DLA","BBP1",0.0759233412721656,0.0644537203684825
"506",2012-03-01,"Services (Non-R&D)","DLA","BBP1",0.123062759530223,0.0793293253972128
"507",2012-04-01,"Services (Non-R&D)","DLA","BBP1",0.0930344408180414,0.0973401805401435
"508",2012-05-01,"Services (Non-R&D)","DLA","BBP1",0.0486355555145711,0.0882442519542787
"509",2012-06-01,"Services (Non-R&D)","DLA","BBP1",0.080596691463495,0.0740888959320358
"510",2012-07-01,"Services (Non-R&D)","DLA","BBP1",0.096257313892802,0.075163186956956
"511",2012-08-01,"Services (Non-R&D)","DLA","BBP1",0.0590065642252085,0.0786201898605018
"512",2012-09-01,"Services (Non-R&D)","DLA","BBP1",0.230793754691793,0.128685877603268
"513",2012-10-01,"Services (Non-R&D)","DLA","BBP1",0.0983617363925053,0.129387351769836
"514",2012-11-01,"Services (Non-R&D)","DLA","BBP1",0.10793393723987,0.145696476108056
"515",2012-12-01,"Services (Non-R&D)","DLA","BBP1",0.153887446939068,0.120061040190481
"516",2013-01-01,"Services (Non-R&D)","DLA","BBP1",0.0650848676448665,0.108968750607935
"517",2013-02-01,"Services (Non-R&D)","DLA","BBP1",0.061060605866863,0.0933443068169324
"518",2013-03-01,"Services (Non-R&D)","DLA","BBP1",0.160884707472631,0.0956767269947869
"519",2013-04-01,"Services (Non-R&D)","DLA","BBP1",0.072483538934904,0.0981429507581328
"520",2013-05-01,"Services (Non-R&D)","DLA","BBP1",0.0612008739023053,0.0981897067699468
"521",2013-06-01,"Services (Non-R&D)","DLA","BBP1",0.0683455185775363,0.0673433104715819
"522",2013-07-01,"Services (Non-R&D)","DLA","BBP1",0.0945524206348126,0.0746996043715514
"523",2013-08-01,"Services (Non-R&D)","DLA","BBP1",0.0771058409997969,0.0800012600707153
"524",2013-09-01,"Services (Non-R&D)","DLA","BBP1",0.336352218754646,0.169336826796419
"525",2013-10-01,"Services (Non-R&D)","DLA","BBP1",0.1522800020402,0.188579353931548
"526",2013-11-01,"Services (Non-R&D)","DLA","BBP1",0.0729630777171,0.187198432837315
"527",2013-12-01,"Services (Non-R&D)","DLA","BBP1",0.1060212982643,0.110421459340533
"528",2014-01-01,"Services (Non-R&D)","DLA","BBP1",0.1702534056397,0.1164125938737
"529",2014-02-01,"Services (Non-R&D)","DLA","BBP1",0.0659160572752,0.114063587059733
"530",2014-03-01,"Services (Non-R&D)","DLA","BBP1",0.0766328075841,0.104267423499667
"531",2014-04-01,"Services (Non-R&D)","DLA","BBP1",0.0711413152943,0.0712300600512
"532",2014-05-01,"Services (Non-R&D)","DLA","BBP1",0.0893760813809,0.0790500680864333
"533",2014-06-01,"Services (Non-R&D)","DLA","BBP1",0.1841254414436,0.1148809460396
"534",2014-07-01,"Services (Non-R&D)","DLA","BBP1",0.087952649102,0.1204847239755
"535",2014-08-01,"Services (Non-R&D)","DLA","BBP1",0.0792633954935,0.1171138286797
"536",2014-09-01,"Services (Non-R&D)","DLA","BBP1",0.1189565451011,0.0953908632322
"537",2007-08-01,"Services (Non-R&D)","MDA","YOUNG",0.00227188236614659,NA
"538",2007-09-01,"Services (Non-R&D)","MDA","YOUNG",0.00412912805028623,NA
"539",2007-10-01,"Services (Non-R&D)","MDA","YOUNG",0.00080381453362256,0.00240160831668513
"540",2007-11-01,"Services (Non-R&D)","MDA","YOUNG",0.00528968438177874,0.00340754232189584
"541",2007-12-01,"Services (Non-R&D)","MDA","YOUNG",0.0102339924078091,0.0054424971077368
"542",2008-01-01,"Services (Non-R&D)","MDA","YOUNG",0.0083415010845987,0.00795505929139552
"543",2008-02-01,"Services (Non-R&D)","MDA","YOUNG",0.0101344642082429,0.00956998590021692
"544",2008-03-01,"Services (Non-R&D)","MDA","YOUNG",0.00751144902386117,0.00866247143890094
"545",2008-04-01,"Services (Non-R&D)","MDA","YOUNG",0.00779661027114967,0.00848084116775126
"546",2008-05-01,"Services (Non-R&D)","MDA","YOUNG",0.00273410650759219,0.00601405526753434
"547",2008-06-01,"Services (Non-R&D)","MDA","YOUNG",0.00356950355748373,0.00470007344540853
"548",2008-07-01,"Services (Non-R&D)","MDA","YOUNG",0.00242116476138829,0.00290825827548807
"549",2008-08-01,"Services (Non-R&D)","MDA","YOUNG",0.00381256023861171,0.00326774285249458
"550",2008-09-01,"Services (Non-R&D)","MDA","YOUNG",0.017979345867679,0.00807102362255965
"551",2008-10-01,"Services (Non-R&D)","MDA","YOUNG",0.0193223549686079,0.0137047536916329
"552",2008-11-01,"Services (Non-R&D)","MDA","YOUNG",0.0461651982571985,0.0278222996978285
"553",2008-12-01,"Services (Non-R&D)","MDA","YOUNG",0.0386798045680883,0.0347224525979649
"554",2009-01-01,"Services (Non-R&D)","MDA","YOUNG",0.0179080074366746,0.0342510034206538
"555",2009-02-01,"Services (Non-R&D)","MDA","YOUNG",0.0187506552392293,0.0251128224146641
"556",2009-03-01,"Services (Non-R&D)","MDA","YOUNG",0.0238002749512882,0.020152979209064
"557",2009-04-01,"Services (Non-R&D)","MDA","YOUNG",0.0143113818467201,0.0189541040124125
"558",2009-05-01,"Services (Non-R&D)","MDA","YOUNG",0.00663435125568305,0.0149153360178971
"559",2009-06-01,"Services (Non-R&D)","MDA","YOUNG",0.011676005704698,0.0108739129357004
"560",2009-07-01,"Services (Non-R&D)","MDA","YOUNG",0.0138093549144837,0.0107065706249549
"561",2009-08-01,"Services (Non-R&D)","MDA","YOUNG",0.00970253499675255,0.0117292985386447
"562",2009-09-01,"Services (Non-R&D)","MDA","YOUNG",0.0254587028252869,0.0163235309121744
"563",2009-10-01,"Services (Non-R&D)","MDA","YOUNG",0.00262410410783055,0.0125951139766233
"564",2009-11-01,"Services (Non-R&D)","MDA","YOUNG",0.0170527564291827,0.0150451877874334
"565",2009-12-01,"Services (Non-R&D)","MDA","YOUNG",0.0176544518720582,0.0124437708030238
"566",2010-01-01,"Services (Non-R&D)","MDA","YOUNG",0.016591718699187,0.017099642333476
"567",2010-02-01,"Services (Non-R&D)","MDA","YOUNG",0.0271192075310227,0.0204551260340893
"568",2010-03-01,"Services (Non-R&D)","MDA","YOUNG",0.0172988819319641,0.0203366027207246
"569",2010-04-01,"Services (Non-R&D)","MDA","YOUNG",0.0223892767864784,0.022269122083155
"570",2010-05-01,"Services (Non-R&D)","MDA","YOUNG",0.00633139713307659,0.0153398519505063
"571",2010-06-01,"Services (Non-R&D)","MDA","YOUNG",0.0137166798138639,0.0141457845778063
"572",2010-07-01,"Services (Non-R&D)","MDA","YOUNG",0.0132855235237484,0.0111112001568963
"573",2010-08-01,"Services (Non-R&D)","MDA","YOUNG",0.00264488611467694,0.00988236315076308
"574",2010-09-01,"Services (Non-R&D)","MDA","YOUNG",0.0119922637997433,0.00930755781272286
"575",2010-10-01,"Services (Non-R&D)","MDA","YOUNG",0.00223616586235837,0.00562443859225952
"576",2010-11-01,"Services (Non-R&D)","MDA","YOUNG",0.00581501460344104,0.00668114808851423
"577",2010-12-01,"Services (Non-R&D)","MDA","YOUNG",0.0148681367394041,0.00763977240173451
"578",2011-01-01,"Services (Non-R&D)","MDA","YOUNG",0.0230482889425094,0.0145771467617849
"579",2011-02-01,"Services (Non-R&D)","MDA","YOUNG",0.0101882899811162,0.0160349052210099
"580",2011-03-01,"Services (Non-R&D)","MDA","YOUNG",0.015357709882501,0.0161980962687089
"581",2011-04-01,"Services (Non-R&D)","MDA","YOUNG",0.00235829199538397,0.00930143061966709
"582",2011-05-01,"Services (Non-R&D)","MDA","YOUNG",0.00493040327318506,0.00754880171702336
"583",2011-06-01,"Services (Non-R&D)","MDA","YOUNG",0.00695091482375157,0.0047465366974402
"584",2011-07-01,"Services (Non-R&D)","MDA","YOUNG",0.00328973168275283,0.00505701659322982
"585",2011-08-01,"Services (Non-R&D)","MDA","YOUNG",0.000923643558539656,0.00372143002168135
"586",2011-09-01,"Services (Non-R&D)","MDA","YOUNG",0.00317414070499371,0.00246250531542873
"587",2011-10-01,"Services (Non-R&D)","MDA","YOUNG",0.000368002955411389,0.00148859573964825
"588",2011-11-01,"Services (Non-R&D)","MDA","YOUNG",0.00146669246215632,0.0016696120408538
"589",2011-12-01,"Services (Non-R&D)","MDA","YOUNG",0.0039615765214705,0.00193209064634607
"590",2012-01-01,"Services (Non-R&D)","MDA","YOUNG",0.0011046312635156,0.00217763341571414
"591",2012-02-01,"Services (Non-R&D)","MDA","YOUNG",0.00486421011224385,0.00331013929907665
"592",2012-03-01,"Services (Non-R&D)","MDA","YOUNG",0.00345637780867058,0.00314173972814334
"593",2012-04-01,"Services (Non-R&D)","MDA","YOUNG",-4.71753063536196e-05,0.0027578042048536
"594",2012-05-01,"Services (Non-R&D)","MDA","YOUNG",-0.000524992884357945,0.000961403205986338
"595",2012-06-01,"Services (Non-R&D)","MDA","YOUNG",-2.98541035938626e-05,-0.000200674098101809
"596",2012-07-01,"Services (Non-R&D)","MDA","YOUNG",0.000379581073009989,-5.84219716472728e-05
"597",2012-08-01,"Services (Non-R&D)","MDA","YOUNG",0.00167141804139635,0.00067371500360416
"598",2012-09-01,"Services (Non-R&D)","MDA","YOUNG",0.000397700967974462,0.000816233360793602
"599",2012-10-01,"Services (Non-R&D)","MDA","YOUNG",0.000212255017365695,0.000760458008912171
"600",2012-11-01,"Services (Non-R&D)","MDA","YOUNG",0.00229549618543719,0.000968484056925782
"601",2012-12-01,"Services (Non-R&D)","MDA","YOUNG",9.44450086320707e-05,0.000867398737144985
"602",2013-01-01,"Services (Non-R&D)","MDA","YOUNG",8.91532240276226e-05,0.000826364806032294
"603",2013-02-01,"Services (Non-R&D)","MDA","YOUNG",2.03107545445313e-06,6.18764360380488e-05
"604",2013-03-01,"Services (Non-R&D)","MDA","YOUNG",6.92970019295217e-05,5.34937671371992e-05
"605",2013-04-01,"Services (Non-R&D)","MDA","YOUNG",-6.53775261500965e-05,1.98351707795945e-06
"606",2013-05-01,"Services (Non-R&D)","MDA","YOUNG",-0.000686128709251549,-0.000227403077824041
"607",2013-06-01,"Services (Non-R&D)","MDA","YOUNG",0,-0.000250502078467215
"608",2013-08-01,"Services (Non-R&D)","MDA","YOUNG",-0.000558885484614603,-0.000415004731288717
"609",2013-09-01,"Services (Non-R&D)","MDA","YOUNG",-7.51950824616634e-05,-0.000211360189025422
"610",2013-10-01,"Services (Non-R&D)","MDA","YOUNG",0,-0.000211360189025422
"611",2013-12-01,"Services (Non-R&D)","MDA","YOUNG",-1.71594707e-05,-3.07848510538878e-05
"612",2014-01-01,"Services (Non-R&D)","MDA","YOUNG",0,-5.71982356666667e-06
"613",2014-02-01,"Services (Non-R&D)","MDA","YOUNG",-0.0001801121497,-6.57572068e-05
"614",2014-03-01,"Services (Non-R&D)","MDA","YOUNG",-0.0001417037207,-0.0001072719568
"615",2014-04-01,"Services (Non-R&D)","MDA","YOUNG",-0.000167739765,-0.0001631852118
"616",2014-05-01,"Services (Non-R&D)","MDA","YOUNG",-0.0003457758095,-0.000218406431733333
"617",2014-06-01,"Services (Non-R&D)","MDA","YOUNG",-0.0001425376979,-0.000218684424133333
"618",2014-07-01,"Services (Non-R&D)","MDA","YOUNG",-2.41539e-06,-0.000163576299133333
"619",2014-08-01,"Services (Non-R&D)","MDA","YOUNG",-0.0001043022591,-8.30851156666667e-05
"620",2014-09-01,"Services (Non-R&D)","MDA","YOUNG",-0.000200816062,-0.000102511237033333
"621",2010-11-01,"Services (Non-R&D)","MDA","BBP1",0.010617205203525,NA
"622",2010-12-01,"Services (Non-R&D)","MDA","BBP1",0.00834452370960974,NA
"623",2011-01-01,"Services (Non-R&D)","MDA","BBP1",0.00377111676458246,0.00757761522590572
"624",2011-02-01,"Services (Non-R&D)","MDA","BBP1",0.0092136325010491,0.00710975765841376
"625",2011-03-01,"Services (Non-R&D)","MDA","BBP1",0.018211994334872,0.0103989145335012
"626",2011-04-01,"Services (Non-R&D)","MDA","BBP1",0.00907564516365925,0.0121670906665268
"627",2011-05-01,"Services (Non-R&D)","MDA","BBP1",0.0238576290390264,0.0170484228458526
"628",2011-06-01,"Services (Non-R&D)","MDA","BBP1",0.06297641652329,0.0319698969086585
"629",2011-07-01,"Services (Non-R&D)","MDA","BBP1",0.0278016764582459,0.0382119073401874
"630",2011-08-01,"Services (Non-R&D)","MDA","BBP1",0.015530426877885,0.0354361732864736
"631",2011-09-01,"Services (Non-R&D)","MDA","BBP1",0.0150061542908099,0.0194460858756469
"632",2011-10-01,"Services (Non-R&D)","MDA","BBP1",0.00894016273298322,0.0131589146338927
"633",2011-11-01,"Services (Non-R&D)","MDA","BBP1",0.0284727920502523,0.0174730363580151
"634",2011-12-01,"Services (Non-R&D)","MDA","BBP1",0.0332993656677994,0.0235707734836783
"635",2012-01-01,"Services (Non-R&D)","MDA","BBP1",0.16008247291731,0.0739515435451207
"636",2012-02-01,"Services (Non-R&D)","MDA","BBP1",0.076816922047163,0.0900662535440909
"637",2012-03-01,"Services (Non-R&D)","MDA","BBP1",0.0345370749459376,0.0904788233034703
"638",2012-04-01,"Services (Non-R&D)","MDA","BBP1",0.0180322945216764,0.043128763838259
"639",2012-05-01,"Services (Non-R&D)","MDA","BBP1",0.0336341073421893,0.0287344922699344
"640",2012-06-01,"Services (Non-R&D)","MDA","BBP1",0.020026983987231,0.0238977952836989
"641",2012-07-01,"Services (Non-R&D)","MDA","BBP1",0.0202009966017918,0.0246206959770707
"642",2012-08-01,"Services (Non-R&D)","MDA","BBP1",0.0187977024096386,0.0196752276662204
"643",2012-09-01,"Services (Non-R&D)","MDA","BBP1",0.0307222616929255,0.0232403202347853
"644",2012-10-01,"Services (Non-R&D)","MDA","BBP1",0.00733559256626384,0.0189518522229426
"645",2012-11-01,"Services (Non-R&D)","MDA","BBP1",0.129370491440946,0.055809448566712
"646",2012-12-01,"Services (Non-R&D)","MDA","BBP1",0.0347632034473444,0.0571564291515182
"647",2013-01-01,"Services (Non-R&D)","MDA","BBP1",0.0107735991350665,0.0583024313411191
"648",2013-02-01,"Services (Non-R&D)","MDA","BBP1",0.0315065775242206,0.0256811267022105
"649",2013-03-01,"Services (Non-R&D)","MDA","BBP1",0.0202759404810602,0.0208520390467824
"650",2013-04-01,"Services (Non-R&D)","MDA","BBP1",0.0297712748691987,0.0271845976248265
"651",2013-05-01,"Services (Non-R&D)","MDA","BBP1",0.105353759332995,0.0518003248944179
"652",2013-06-01,"Services (Non-R&D)","MDA","BBP1",0.0455127609957347,0.0602125983993094
"653",2013-07-01,"Services (Non-R&D)","MDA","BBP1",0.0605680415671778,0.0704781872986358
"654",2013-08-01,"Services (Non-R&D)","MDA","BBP1",0.0226260932876003,0.0429022986168376
"655",2013-09-01,"Services (Non-R&D)","MDA","BBP1",0.0313020762258556,0.0381654036935446
"656",2013-10-01,"Services (Non-R&D)","MDA","BBP1",0.0137995278597,0.0225758991243853
"657",2013-11-01,"Services (Non-R&D)","MDA","BBP1",0.0926210663459,0.0459075568104852
"658",2013-12-01,"Services (Non-R&D)","MDA","BBP1",0.0421574756225,0.0495260232760333
"659",2014-01-01,"Services (Non-R&D)","MDA","BBP1",0.0121046848108,0.0489610755930667
"660",2014-02-01,"Services (Non-R&D)","MDA","BBP1",0.0475579787648,0.0339400463993667
"661",2014-03-01,"Services (Non-R&D)","MDA","BBP1",0.1525951367469,0.0707526001075
"662",2014-04-01,"Services (Non-R&D)","MDA","BBP1",0.0355155328138,0.0785562161085
"663",2014-05-01,"Services (Non-R&D)","MDA","BBP1",0.0673909998593,0.08516722314
"664",2014-06-01,"Services (Non-R&D)","MDA","BBP1",0.0147530794916,0.0392198707215667
"665",2014-07-01,"Services (Non-R&D)","MDA","BBP1",0.0457092852788,0.0426177882099
"666",2014-08-01,"Services (Non-R&D)","MDA","BBP1",0.0098589312018,0.0234404319907333
"667",2014-09-01,"Services (Non-R&D)","MDA","BBP1",0.0176871879569,0.0244184681458333
"668",2007-07-01,"Services (Non-R&D)","Military
Health","YOUNG",3.6641598383657e-05,NA
"669",2007-08-01,"Services (Non-R&D)","Military
Health","YOUNG",1.18754517903244e-05,NA
"670",2007-09-01,"Services (Non-R&D)","Military
Health","YOUNG",0.000807276383432484,0.000285264477868822
"671",2007-10-01,"Services (Non-R&D)","Military
Health","YOUNG",0.0597292567895878,0.0201828028749369
"672",2007-11-01,"Services (Non-R&D)","Military
Health","YOUNG",0.0506763912147505,0.0370709747959236
"673",2007-12-01,"Services (Non-R&D)","Military
Health","YOUNG",0.000366,0.0369238826681128
"674",2008-01-01,"Services (Non-R&D)","Military
Health","YOUNG",0.222710806724512,0.0912510659797541
"675",2008-02-01,"Services (Non-R&D)","Military
Health","YOUNG",0.00100410368763557,0.0746936368040492
"676",2008-03-01,"Services (Non-R&D)","Military
Health","YOUNG",0,0.0745716368040492
"677",2008-04-01,"Services (Non-R&D)","Military
Health","YOUNG",0.00951580780911063,0.00350663716558207
"678",2008-05-01,"Services (Non-R&D)","Military
Health","YOUNG",1.82126789587852e-05,0.00317800682935647
"679",2008-06-01,"Services (Non-R&D)","Military
Health","YOUNG",-0.000194027754880694,0.00311333091106291
"680",2008-07-01,"Services (Non-R&D)","Military
Health","YOUNG",0.0398325362689805,0.0132189070643529
"681",2008-08-01,"Services (Non-R&D)","Military
Health","YOUNG",0.000113209544468547,0.0132505726861894
"682",2008-09-01,"Services (Non-R&D)","Military
Health","YOUNG",0.0049701336659436,0.0149719598264642
"683",2008-10-01,"Services (Non-R&D)","Military
Health","YOUNG",0.325370087919463,0.110151143709958
"684",2008-11-01,"Services (Non-R&D)","Military
Health","YOUNG",0.578238813660966,0.302859678415457
"685",2008-12-01,"Services (Non-R&D)","Military
Health","YOUNG",-0.000930812470231652,0.300892696370066
"686",2009-01-01,"Services (Non-R&D)","Military
Health","YOUNG",0.207477507133579,0.261595169441438
"687",2009-02-01,"Services (Non-R&D)","Military
Health","YOUNG",0.00172679372158476,0.0694244961283106
"688",2009-03-01,"Services (Non-R&D)","Military
Health","YOUNG",0.0460981651439706,0.0851008219997113
"689",2009-04-01,"Services (Non-R&D)","Military
Health","YOUNG",0.000279555401602078,0.0160348380890525
"690",2009-05-01,"Services (Non-R&D)","Military
Health","YOUNG",0.258903672504871,0.101760464350148
"691",2009-06-01,"Services (Non-R&D)","Military
Health","YOUNG",0.0228615781554449,0.0940149353539727
"692",2009-07-01,"Services (Non-R&D)","Military
Health","YOUNG",0.115585283589522,0.132450178083279
"693",2009-08-01,"Services (Non-R&D)","Military
Health","YOUNG",-0.00221138960814029,0.0454118240456087
"694",2009-09-01,"Services (Non-R&D)","Military
Health","YOUNG",0.00564707972504871,0.0396736579021433
"695",2009-10-01,"Services (Non-R&D)","Military
Health","YOUNG",0.228723624433034,0.0773864381833141
"696",2009-11-01,"Services (Non-R&D)","Military
Health","YOUNG",0.264546828637142,0.166305844265075
"697",2009-12-01,"Services (Non-R&D)","Military
Health","YOUNG",0.0383866496683783,0.177219034246185
"698",2010-01-01,"Services (Non-R&D)","Military
Health","YOUNG",0.948904645571245,0.417279374625588
"699",2010-02-01,"Services (Non-R&D)","Military
Health","YOUNG",5.37084937954643e-05,0.329115001244473
"700",2010-03-01,"Services (Non-R&D)","Military
Health","YOUNG",0.00707186315789474,0.318676739074312
"701",2010-04-01,"Services (Non-R&D)","Military
Health","YOUNG",-0.000273076593923834,0.00228416501925546
"702",2010-05-01,"Services (Non-R&D)","Military
Health","YOUNG",0.0321843960312366,0.0129943941984025
"703",2010-06-01,"Services (Non-R&D)","Military
Health","YOUNG",0.0230913821138211,0.018334233850378
"704",2010-07-01,"Services (Non-R&D)","Military
Health","YOUNG",0.0711757462237912,0.0421505081229496
"705",2010-08-01,"Services (Non-R&D)","Military
Health","YOUNG",0.00636692585579803,0.0335446847311368
"706",2010-09-01,"Services (Non-R&D)","Military
Health","YOUNG",0.0270828159178434,0.0348751626658109
"707",2010-10-01,"Services (Non-R&D)","Military
Health","YOUNG",0.313336114750315,0.115595285507985
"708",2010-11-01,"Services (Non-R&D)","Military
Health","YOUNG",0.155096938900546,0.165171956522901
"709",2010-12-01,"Services (Non-R&D)","Military
Health","YOUNG",0.183087188323542,0.217173413991467
"710",2011-01-01,"Services (Non-R&D)","Military
Health","YOUNG",0.168640000367184,0.168941375863757
"711",2011-02-01,"Services (Non-R&D)","Military
Health","YOUNG",0.225576865589593,0.192434684760106
"712",2011-03-01,"Services (Non-R&D)","Military
Health","YOUNG",0.203737436088963,0.199318100681914
"713",2011-04-01,"Services (Non-R&D)","Military
Health","YOUNG",0.0367781832773815,0.155364161651979
"714",2011-05-01,"Services (Non-R&D)","Military
Health","YOUNG",0.446098265757449,0.228871295041265
"715",2011-06-01,"Services (Non-R&D)","Military
Health","YOUNG",-9.79122954259337e-06,0.160955552601763
"716",2011-07-01,"Services (Non-R&D)","Military
Health","YOUNG",0.109259473352916,0.185115982626941
"717",2011-08-01,"Services (Non-R&D)","Military
Health","YOUNG",0.0289703243390684,0.0460733354874808
"718",2011-09-01,"Services (Non-R&D)","Military
Health","YOUNG",0.00194921243180864,0.0467263367079312
"719",2011-10-01,"Services (Non-R&D)","Military
Health","YOUNG",0.331725019761096,0.120881518843991
"720",2011-11-01,"Services (Non-R&D)","Military
Health","YOUNG",0.0779959042529091,0.137223378815271
"721",2011-12-01,"Services (Non-R&D)","Military
Health","YOUNG",0.228225668149521,0.212648864054509
"722",2012-01-01,"Services (Non-R&D)","Military
Health","YOUNG",1.0507799330347,0.452333835145711
"723",2012-02-01,"Services (Non-R&D)","Military
Health","YOUNG",0.00527032953351869,0.428091976905914
"724",2012-03-01,"Services (Non-R&D)","Military
Health","YOUNG",-0.0114999585727525,0.348183434665156
"725",2012-04-01,"Services (Non-R&D)","Military
Health","YOUNG",-0.0044276515085985,-0.00355242684927745
"726",2012-05-01,"Services (Non-R&D)","Military
Health","YOUNG",0.021541303377613,0.00187123109875399
"727",2012-06-01,"Services (Non-R&D)","Military
Health","YOUNG",0.0751807766450417,0.0307648095046854
"728",2012-07-01,"Services (Non-R&D)","Military
Health","YOUNG",0.0794100449593245,0.0587107083273264
"729",2012-08-01,"Services (Non-R&D)","Military
Health","YOUNG",-0.0153032571825765,0.0464291881405966
"730",2012-09-01,"Services (Non-R&D)","Military
Health","YOUNG",0.00297190057666564,0.0223595627844712
"731",2012-10-01,"Services (Non-R&D)","Military
Health","YOUNG",0.335242816603331,0.107637153332473
"732",2012-11-01,"Services (Non-R&D)","Military
Health","YOUNG",0.303958285264548,0.214057667481515
"733",2012-12-01,"Services (Non-R&D)","Military
Health","YOUNG",0.266407063033208,0.301869388300362
"734",2013-01-01,"Services (Non-R&D)","Military
Health","YOUNG",0.108154609065604,0.22617331912112
"735",2013-02-01,"Services (Non-R&D)","Military
Health","YOUNG",0.0151353981110998,0.129899023403304
"736",2013-03-01,"Services (Non-R&D)","Military
Health","YOUNG",0.210209436376561,0.111166481184422
"737",2013-04-01,"Services (Non-R&D)","Military
Health","YOUNG",0.0677276129785722,0.0976908158220778
"738",2013-05-01,"Services (Non-R&D)","Military
Health","YOUNG",0.0985954867748553,0.125510845376663
"739",2013-06-01,"Services (Non-R&D)","Military
Health","YOUNG",0.0857946793915913,0.0840392597150063
"740",2013-07-01,"Services (Non-R&D)","Military
Health","YOUNG",0.3143675962222,0.166252587462882
"741",2013-08-01,"Services (Non-R&D)","Military
Health","YOUNG",0.0717472275820047,0.157303167731932
"742",2013-09-01,"Services (Non-R&D)","Military
Health","YOUNG",0.0212620855082766,0.13579230310416
"743",2013-10-01,"Services (Non-R&D)","Military
Health","YOUNG",0.1178142355922,0.0702745162274938
"744",2013-11-01,"Services (Non-R&D)","Military
Health","YOUNG",0.0565732155,0.0652165122001589
"745",2013-12-01,"Services (Non-R&D)","Military
Health","YOUNG",0.118853990125,0.0977471470724
"746",2014-01-01,"Services (Non-R&D)","Military
Health","YOUNG",0.0734176455,0.0829482837083333
"747",2014-02-01,"Services (Non-R&D)","Military
Health","YOUNG",0.1696968560313,0.120656163885433
"748",2014-03-01,"Services (Non-R&D)","Military
Health","YOUNG",0,0.0810381671771
"749",2014-04-01,"Services (Non-R&D)","Military
Health","YOUNG",0,0.0565656186771
"750",2014-05-01,"Services (Non-R&D)","Military
Health","YOUNG",0.000642,0.000214
"751",2014-06-01,"Services (Non-R&D)","Military
Health","YOUNG",0.112107026,0.0375830086666667
"752",2014-07-01,"Services (Non-R&D)","Military
Health","YOUNG",-0.00055909,0.0373966453333333
"753",2014-08-01,"Services (Non-R&D)","Military
Health","YOUNG",0.060878442,0.0574754593333333
"754",2014-09-01,"Services (Non-R&D)","Military
Health","YOUNG",0.0586105825187,0.0396433115062333
"755",2010-12-01,"Services (Non-R&D)","Military
Health","BBP1",1.24243180864457e-05,NA
"756",2011-01-01,"Services (Non-R&D)","Military
Health","BBP1",0.0805860093894251,NA
"757",2011-03-01,"Services (Non-R&D)","Military
Health","BBP1",0.0737488179815359,0.0514490838963491
"758",2011-04-01,"Services (Non-R&D)","Military
Health","BBP1",0.000368032480067142,0.0515676199503427
"759",2011-05-01,"Services (Non-R&D)","Military
Health","BBP1",6.72275493075955e-06,0.0247078577388446
"760",2011-06-01,"Services (Non-R&D)","Military
Health","BBP1",0.0896904190621066,0.0300217247657015
"761",2011-07-01,"Services (Non-R&D)","Military
Health","BBP1",0.000543582469576164,0.0300802414288712
"762",2011-08-01,"Services (Non-R&D)","Military
Health","BBP1",0.0822694457826269,0.0575011491047699
"763",2011-09-01,"Services (Non-R&D)","Military
Health","BBP1",0.0094807297629039,0.0307645860050357
"764",2011-10-01,"Services (Non-R&D)","Military
Health","BBP1",0.0869743315209556,0.0595748356888288
"765",2011-11-01,"Services (Non-R&D)","Military
Health","BBP1",0.0645155744928432,0.0536568785922342
"766",2011-12-01,"Services (Non-R&D)","Military
Health","BBP1",-0.000769714807949755,0.050240063735283
"767",2012-01-01,"Services (Non-R&D)","Military
Health","BBP1",0.0411725378848728,0.0349727991899221
"768",2012-02-01,"Services (Non-R&D)","Military
Health","BBP1",0.165075155329008,0.0684926594686438
"769",2012-03-01,"Services (Non-R&D)","Military
Health","BBP1",0.663158718618062,0.289802137277314
"770",2012-04-01,"Services (Non-R&D)","Military
Health","BBP1",0.150495370837195,0.326243081594755
"771",2012-05-01,"Services (Non-R&D)","Military
Health","BBP1",0.00364609576768613,0.272433395074314
"772",2012-06-01,"Services (Non-R&D)","Military
Health","BBP1",0.150793853290083,0.101645106631655
"773",2012-07-01,"Services (Non-R&D)","Military
Health","BBP1",0.538182097446195,0.230874015501322
"774",2012-08-01,"Services (Non-R&D)","Military
Health","BBP1",0.0193922830295541,0.236122744588611
"775",2012-09-01,"Services (Non-R&D)","Military
Health","BBP1",0.210084204438266,0.255886194971338
"776",2012-10-01,"Services (Non-R&D)","Military
Health","BBP1",0.719291171351376,0.316255886273065
"777",2012-11-01,"Services (Non-R&D)","Military
Health","BBP1",0.706229612964151,0.545201662917931
"778",2012-12-01,"Services (Non-R&D)","Military
Health","BBP1",0.0143532493713821,0.47995801122897
"779",2013-01-01,"Services (Non-R&D)","Military
Health","BBP1",0.644457803851122,0.455013555395552
"780",2013-02-01,"Services (Non-R&D)","Military
Health","BBP1",0.00363978156494364,0.220816944929149
"781",2013-03-01,"Services (Non-R&D)","Military
Health","BBP1",0.554799202837311,0.400965596084459
"782",2013-04-01,"Services (Non-R&D)","Military
Health","BBP1",0.314630500611963,0.291023161671406
"783",2013-05-01,"Services (Non-R&D)","Military
Health","BBP1",0.248051092404082,0.372493598617785
"784",2013-06-01,"Services (Non-R&D)","Military
Health","BBP1",1.08496569834549,0.549215763787177
"785",2013-07-01,"Services (Non-R&D)","Military
Health","BBP1",0.375323006335432,0.569446599028333
"786",2013-08-01,"Services (Non-R&D)","Military
Health","BBP1",0.444873216687316,0.635053973789411
"787",2013-09-01,"Services (Non-R&D)","Military
Health","BBP1",0.42512272987844,0.415106317633729
"788",2013-10-01,"Services (Non-R&D)","Military
Health","BBP1",1.2561834722609,0.708726472942219
"789",2013-11-01,"Services (Non-R&D)","Military
Health","BBP1",0.8073192570985,0.829541819745947
"790",2013-12-01,"Services (Non-R&D)","Military
Health","BBP1",0.6891050559417,0.9175359284337
"791",2014-01-01,"Services (Non-R&D)","Military
Health","BBP1",0.3509141568866,0.6157794899756
"792",2014-02-01,"Services (Non-R&D)","Military
Health","BBP1",1.8138540556236,0.951291089483967
"793",2014-03-01,"Services (Non-R&D)","Military
Health","BBP1",1.9234993406254,1.3627558510452
"794",2014-04-01,"Services (Non-R&D)","Military
Health","BBP1",0.1054503741662,1.2809345901384
"795",2014-05-01,"Services (Non-R&D)","Military
Health","BBP1",-0.0203557882213,0.669531308856767
"796",2014-06-01,"Services (Non-R&D)","Military
Health","BBP1",0.1687691947519,0.0846212602322667
"797",2014-07-01,"Services (Non-R&D)","Military
Health","BBP1",0.7709724315255,0.3064619460187
"798",2014-08-01,"Services (Non-R&D)","Military
Health","BBP1",0.3017089325788,0.413816852952067
"799",2014-09-01,"Services (Non-R&D)","Military
Health","BBP1",0.8608629861378,0.644514783414033
"800",2007-07-01,"Services (Non-R&D)","Additional
DoD
Components","YOUNG",0.0708568726680884,NA
"801",2007-08-01,"Services (Non-R&D)","Additional
DoD
Components","YOUNG",0.39592521672466,NA
"802",2007-09-01,"Services (Non-R&D)","Additional
DoD
Components","YOUNG",0.564981457054664,0.343921182149138
"803",2007-10-01,"Services (Non-R&D)","Additional
DoD
Components","YOUNG",1.13131968393709,0.697408785905472
"804",2007-11-01,"Services (Non-R&D)","Additional
DoD
Components","YOUNG",0.627905243286334,0.77473546142603
"805",2007-12-01,"Services (Non-R&D)","Additional
DoD
Components","YOUNG",0.695286258991323,0.818170395404917
"806",2008-01-01,"Services (Non-R&D)","Additional
DoD
Components","YOUNG",0.593821402277657,0.639004301518438
"807",2008-02-01,"Services (Non-R&D)","Additional
DoD
Components","YOUNG",0.525942026681128,0.605016562650036
"808",2008-03-01,"Services (Non-R&D)","Additional
DoD
Components","YOUNG",0.836835450032538,0.652199626330441
"809",2008-04-01,"Services (Non-R&D)","Additional
DoD
Components","YOUNG",0.559059712646421,0.640612396453362
"810",2008-05-01,"Services (Non-R&D)","Additional
DoD
Components","YOUNG",0.586681524750542,0.660858895809834
"811",2008-06-01,"Services (Non-R&D)","Additional
DoD
Components","YOUNG",0.782854786518438,0.642865341305134
"812",2008-07-01,"Services (Non-R&D)","Additional
DoD
Components","YOUNG",0.584859973394794,0.651465428221258
"813",2008-08-01,"Services (Non-R&D)","Additional
DoD
Components","YOUNG",0.519481536507592,0.629065432140275
"814",2008-09-01,"Services (Non-R&D)","Additional
DoD
Components","YOUNG",1.08217782368764,0.728839777863341
"815",2008-10-01,"Services (Non-R&D)","Additional
DoD
Components","YOUNG",1.6027128224724,1.06812406088921
"816",2008-11-01,"Services (Non-R&D)","Additional
DoD
Components","YOUNG",0.96082357629357,1.2152380741512
"817",2008-12-01,"Services (Non-R&D)","Additional
DoD
Components","YOUNG",0.876135596124702,1.14655733163022
"818",2009-01-01,"Services (Non-R&D)","Additional
DoD
Components","YOUNG",0.648066183416324,0.828341785278199
"819",2009-02-01,"Services (Non-R&D)","Additional
DoD
Components","YOUNG",0.652544244338601,0.725582007959876
"820",2009-03-01,"Services (Non-R&D)","Additional
DoD
Components","YOUNG",0.979383901547954,0.759998109767626
"821",2009-04-01,"Services (Non-R&D)","Additional
DoD
Components","YOUNG",0.558538952781988,0.730155699556181
"822",2009-05-01,"Services (Non-R&D)","Additional
DoD
Components","YOUNG",0.126017037854514,0.554646630728152
"823",2009-06-01,"Services (Non-R&D)","Additional
DoD
Components","YOUNG",0.185786541751461,0.290114177462654
"824",2009-07-01,"Services (Non-R&D)","Additional
DoD
Components","YOUNG",0.13998542187703,0.150596333827668
"825",2009-08-01,"Services (Non-R&D)","Additional
DoD
Components","YOUNG",0.112147686836978,0.145973216821823
"826",2009-09-01,"Services (Non-R&D)","Additional
DoD
Components","YOUNG",0.177870784130764,0.143334630948257
"827",2009-10-01,"Services (Non-R&D)","Additional
DoD
Components","YOUNG",0.288196588489516,0.192738353152419
"828",2009-11-01,"Services (Non-R&D)","Additional
DoD
Components","YOUNG",0.127542950620454,0.197870107746911
"829",2009-12-01,"Services (Non-R&D)","Additional
DoD
Components","YOUNG",0.259182850588361,0.224974129899444
"830",2010-01-01,"Services (Non-R&D)","Additional
DoD
Components","YOUNG",0.152670163585794,0.179798654931536
"831",2010-02-01,"Services (Non-R&D)","Additional
DoD
Components","YOUNG",0.175027208226359,0.195626740800171
"832",2010-03-01,"Services (Non-R&D)","Additional
DoD
Components","YOUNG",0.300496447635858,0.209397939816003
"833",2010-04-01,"Services (Non-R&D)","Additional
DoD
Components","YOUNG",0.11000408694908,0.195175914270432
"834",2010-05-01,"Services (Non-R&D)","Additional
DoD
Components","YOUNG",0.0397240744223363,0.150074869669091
"835",2010-06-01,"Services (Non-R&D)","Additional
DoD
Components","YOUNG",0.0405918661424904,0.0634400091713022
"836",2010-07-01,"Services (Non-R&D)","Additional
DoD
Components","YOUNG",0.0508016887355584,0.0437058764334617
"837",2010-08-01,"Services (Non-R&D)","Additional
DoD
Components","YOUNG",0.0735307450577664,0.0549747666452717
"838",2010-09-01,"Services (Non-R&D)","Additional
DoD
Components","YOUNG",0.180020926326487,0.101451120039937
"839",2010-10-01,"Services (Non-R&D)","Additional
DoD
Components","YOUNG",0.206813231724717,0.15345496770299
"840",2010-11-01,"Services (Non-R&D)","Additional
DoD
Components","YOUNG",0.0943487390369282,0.160394299029377
"841",2010-12-01,"Services (Non-R&D)","Additional
DoD
Components","YOUNG",0.096250474989509,0.132470815250385
"842",2011-01-01,"Services (Non-R&D)","Additional
DoD
Components","YOUNG",0.117695322366765,0.102764845464401
"843",2011-02-01,"Services (Non-R&D)","Additional
DoD
Components","YOUNG",0.0931163623373898,0.102354053231221
"844",2011-03-01,"Services (Non-R&D)","Additional
DoD
Components","YOUNG",0.160179778703315,0.123663821135823
"845",2011-04-01,"Services (Non-R&D)","Additional
DoD
Components","YOUNG",0.0874860162610155,0.113594052433907
"846",2011-05-01,"Services (Non-R&D)","Additional
DoD
Components","YOUNG",0.0643855298992866,0.104017108287872
"847",2011-06-01,"Services (Non-R&D)","Additional
DoD
Components","YOUNG",0.0575763417016366,0.0698159626206462
"848",2011-07-01,"Services (Non-R&D)","Additional
DoD
Components","YOUNG",0.0735331824485942,0.0651650180165058
"849",2011-08-01,"Services (Non-R&D)","Additional
DoD
Components","YOUNG",0.0216736362148552,0.0509277201216953
"850",2011-09-01,"Services (Non-R&D)","Additional
DoD
Components","YOUNG",0.16363446727864,0.0862804286473633
"851",2011-10-01,"Services (Non-R&D)","Additional
DoD
Components","YOUNG",0.142728670878385,0.109345591457294
"852",2011-11-01,"Services (Non-R&D)","Additional
DoD
Components","YOUNG",0.0420225410462362,0.116128559734421
"853",2011-12-01,"Services (Non-R&D)","Additional
DoD
Components","YOUNG",0.0558492851302647,0.0802001656849621
"854",2012-01-01,"Services (Non-R&D)","Additional
DoD
Components","YOUNG",0.106393754597879,0.0680885269247932
"855",2012-02-01,"Services (Non-R&D)","Additional
DoD
Components","YOUNG",0.0721041259190609,0.0781157218824014
"856",2012-03-01,"Services (Non-R&D)","Additional
DoD
Components","YOUNG",0.182068713191226,0.120188864569389
"857",2012-04-01,"Services (Non-R&D)","Additional
DoD
Components","YOUNG",0.0760127331685717,0.110061857426286
"858",2012-05-01,"Services (Non-R&D)","Additional
DoD
Components","YOUNG",0.0122025231181135,0.0900946564926372
"859",2012-06-01,"Services (Non-R&D)","Additional
DoD
Components","YOUNG",0.0442889282669138,0.0441680615178663
"860",2012-07-01,"Services (Non-R&D)","Additional
DoD
Components","YOUNG",0.0084387264854289,0.0216433926234854
"861",2012-08-01,"Services (Non-R&D)","Additional
DoD
Components","YOUNG",0.0356852337143446,0.0294709628222291
"862",2012-09-01,"Services (Non-R&D)","Additional
DoD
Components","YOUNG",0.0864153240448975,0.0435130947482237
"863",2012-10-01,"Services (Non-R&D)","Additional
DoD
Components","YOUNG",0.0705555420023357,0.0642186999205259
"864",2012-11-01,"Services (Non-R&D)","Additional
DoD
Components","YOUNG",0.0414173006807149,0.0661293889093161
"865",2012-12-01,"Services (Non-R&D)","Additional
DoD
Components","YOUNG",0.0432567758724485,0.0517432061851664
"866",2013-01-01,"Services (Non-R&D)","Additional
DoD
Components","YOUNG",0.0177455879343963,0.0341398881625199
"867",2013-02-01,"Services (Non-R&D)","Additional
DoD
Components","YOUNG",0.00962492653275109,0.0235424301131986
"868",2013-03-01,"Services (Non-R&D)","Additional
DoD
Components","YOUNG",0.01252396301046,0.0132981591592025
"869",2013-04-01,"Services (Non-R&D)","Additional
DoD
Components","YOUNG",-0.0135484425331573,0.00286681567001794
"870",2013-05-01,"Services (Non-R&D)","Additional
DoD
Components","YOUNG",0.00441702228221793,0.00113084758650689
"871",2013-06-01,"Services (Non-R&D)","Additional
DoD
Components","YOUNG",0.0090427696568498,-2.95501980298561e-05
"872",2013-07-01,"Services (Non-R&D)","Additional
DoD
Components","YOUNG",0.00955546217243831,0.00767175137050201
"873",2013-08-01,"Services (Non-R&D)","Additional
DoD
Components","YOUNG",-0.00455198292840459,0.00468208296696117
"874",2013-09-01,"Services (Non-R&D)","Additional
DoD
Components","YOUNG",0.0176293922634305,0.00754429050248807
"875",2013-10-01,"Services (Non-R&D)","Additional
DoD
Components","YOUNG",0.0125977882894,0.00855839920814196
"876",2013-11-01,"Services (Non-R&D)","Additional
DoD
Components","YOUNG",0.0051205352927,0.0117825719485102
"877",2013-12-01,"Services (Non-R&D)","Additional
DoD
Components","YOUNG",-0.0039968400312,0.0045738278503
"878",2014-01-01,"Services (Non-R&D)","Additional
DoD
Components","YOUNG",0.0063610635977,0.00249491961973333
"879",2014-02-01,"Services (Non-R&D)","Additional
DoD
Components","YOUNG",0.0194586541108,0.0072742925591
"880",2014-03-01,"Services (Non-R&D)","Additional
DoD
Components","YOUNG",-0.0068221331808,0.0063325281759
"881",2014-04-01,"Services (Non-R&D)","Additional
DoD
Components","YOUNG",-0.03985666655,-0.00907338187333333
"882",2014-05-01,"Services (Non-R&D)","Additional
DoD
Components","YOUNG",-0.0082435777532,-0.0183074591613333
"883",2014-06-01,"Services (Non-R&D)","Additional
DoD
Components","YOUNG",-0.0040655878693,-0.0173886107241667
"884",2014-07-01,"Services (Non-R&D)","Additional
DoD
Components","YOUNG",-0.0114761837662,-0.00792844979623333
"885",2014-08-01,"Services (Non-R&D)","Additional
DoD
Components","YOUNG",-0.0188452154093,-0.0114623290149333
"886",2014-09-01,"Services (Non-R&D)","Additional
DoD
Components","YOUNG",-0.0429863267752,-0.0244359086502333
"887",2010-11-01,"Services (Non-R&D)","Additional
DoD
Components","BBP1",0.389076844502728,NA
"888",2010-12-01,"Services (Non-R&D)","Additional
DoD
Components","BBP1",1.708669238953,NA
"889",2011-01-01,"Services (Non-R&D)","Additional
DoD
Components","BBP1",0.3129718236047,0.803572635686809
"890",2011-02-01,"Services (Non-R&D)","Additional
DoD
Components","BBP1",0.762576790631557,0.928072617729752
"891",2011-03-01,"Services (Non-R&D)","Additional
DoD
Components","BBP1",0.582324098866974,0.552624237701077
"892",2011-04-01,"Services (Non-R&D)","Additional
DoD
Components","BBP1",0.5254753319765,0.623458740491677
"893",2011-05-01,"Services (Non-R&D)","Additional
DoD
Components","BBP1",0.530660811309274,0.546153414050916
"894",2011-06-01,"Services (Non-R&D)","Additional
DoD
Components","BBP1",0.816974984148133,0.624370375811302
"895",2011-07-01,"Services (Non-R&D)","Additional
DoD
Components","BBP1",0.826660461781368,0.724765419079591
"896",2011-08-01,"Services (Non-R&D)","Additional
DoD
Components","BBP1",2.3581332295898,1.33392289183977
"897",2011-09-01,"Services (Non-R&D)","Additional
DoD
Components","BBP1",2.46883948313051,1.88454439150056
"898",2011-10-01,"Services (Non-R&D)","Additional
DoD
Components","BBP1",1.3129002077438,2.04662430682137
"899",2011-11-01,"Services (Non-R&D)","Additional
DoD
Components","BBP1",0.760039549562352,1.51392641347889
"900",2011-12-01,"Services (Non-R&D)","Additional
DoD
Components","BBP1",2.12792352418906,1.4002877604984
"901",2012-01-01,"Services (Non-R&D)","Additional
DoD
Components","BBP1",0.972848775316651,1.28693728302269
"902",2012-02-01,"Services (Non-R&D)","Additional
DoD
Components","BBP1",1.13573725332098,1.41216985094223
"903",2012-03-01,"Services (Non-R&D)","Additional
DoD
Components","BBP1",1.05492845563794,1.05450482809185
"904",2012-04-01,"Services (Non-R&D)","Additional
DoD
Components","BBP1",0.94774443961487,1.04613671619126
"905",2012-05-01,"Services (Non-R&D)","Additional
DoD
Components","BBP1",0.877416702677376,0.960029865976727
"906",2012-06-01,"Services (Non-R&D)","Additional
DoD
Components","BBP1",0.977913899433632,0.934358347241959
"907",2012-07-01,"Services (Non-R&D)","Additional
DoD
Components","BBP1",0.892133922047163,0.915821508052724
"908",2012-08-01,"Services (Non-R&D)","Additional
DoD
Components","BBP1",0.927511053938832,0.932519625139876
"909",2012-09-01,"Services (Non-R&D)","Additional
DoD
Components","BBP1",1.78016426498805,1.19993641365802
"910",2012-10-01,"Services (Non-R&D)","Additional
DoD
Components","BBP1",2.04564941926526,1.58444157939738
"911",2012-11-01,"Services (Non-R&D)","Additional
DoD
Components","BBP1",0.623799787997867,1.48320449075039
"912",2012-12-01,"Services (Non-R&D)","Additional
DoD
Components","BBP1",1.02449246568945,1.23131389098419
"913",2013-01-01,"Services (Non-R&D)","Additional
DoD
Components","BBP1",0.801217186277546,0.816503146654954
"914",2013-02-01,"Services (Non-R&D)","Additional
DoD
Components","BBP1",0.728345728881893,0.851351793616296
"915",2013-03-01,"Services (Non-R&D)","Additional
DoD
Components","BBP1",0.697286496776886,0.742283137312109
"916",2013-04-01,"Services (Non-R&D)","Additional
DoD
Components","BBP1",0.758055829726414,0.727896018461731
"917",2013-05-01,"Services (Non-R&D)","Additional
DoD
Components","BBP1",0.79829729406276,0.751213206855353
"918",2013-06-01,"Services (Non-R&D)","Additional
DoD
Components","BBP1",0.875063383211232,0.810472169000135
"919",2013-07-01,"Services (Non-R&D)","Additional
DoD
Components","BBP1",1.09181174410399,0.921724140459328
"920",2013-08-01,"Services (Non-R&D)","Additional
DoD
Components","BBP1",0.83288031373007,0.933251813681764
"921",2013-09-01,"Services (Non-R&D)","Additional
DoD
Components","BBP1",1.42367827036935,1.11612344273447
"922",2013-10-01,"Services (Non-R&D)","Additional
DoD
Components","BBP1",1.3813887506434,1.21264911158094
"923",2013-11-01,"Services (Non-R&D)","Additional
DoD
Components","BBP1",0.8241132533854,1.20972675813272
"924",2013-12-01,"Services (Non-R&D)","Additional
DoD
Components","BBP1",0.671407615381,0.9589698731366
"925",2014-01-01,"Services (Non-R&D)","Additional
DoD
Components","BBP1",0.6387115972769,0.711410822014433
"926",2014-02-01,"Services (Non-R&D)","Additional
DoD
Components","BBP1",0.8051325627334,0.705083925130433
"927",2014-03-01,"Services (Non-R&D)","Additional
DoD
Components","BBP1",1.173508339073,0.872450833027767
"928",2014-04-01,"Services (Non-R&D)","Additional
DoD
Components","BBP1",1.15241987867,1.04368692682547
"929",2014-05-01,"Services (Non-R&D)","Additional
DoD
Components","BBP1",1.1203718275717,1.14876668177157
"930",2014-06-01,"Services (Non-R&D)","Additional
DoD
Components","BBP1",0.7965950038259,1.02312890335587
"931",2014-07-01,"Services (Non-R&D)","Additional
DoD
Components","BBP1",0.7906930720501,0.902553301149233
"932",2014-08-01,"Services (Non-R&D)","Additional
DoD
Components","BBP1",0.68025901972,0.755849031865333
"933",2014-09-01,"Services (Non-R&D)","Additional
DoD
Components","BBP1",1.2137348250436,0.8948956389379
