"","Fiscal.Year","SinceFirstFiscalYear","ProductOrServiceArea","SubCustomer.component","USDATL","Obligation.2014"
"1",2008-09-30,1,"Fuel","Army","YOUNG",0.00217337517353579
"2",2008-09-30,1,"Fuel","Navy","YOUNG",0.00200883484815618
"3",2008-09-30,1,"Fuel","Air Force","YOUNG",0.00163806507592191
"4",2008-09-30,1,"Fuel","DLA","YOUNG",1.4904926676898
"5",2008-09-30,1,"Products","Army","YOUNG",1.70623394214751
"6",2008-09-30,1,"Products","Navy","YOUNG",2.88403208022777
"7",2008-09-30,1,"Products","Air Force","YOUNG",0.666166375900217
"8",2008-09-30,1,"Products","DLA","YOUNG",1.86952510754881
"9",2008-09-30,1,"Products","MDA","YOUNG",2.07472885032538e-05
"10",2008-09-30,1,"Products","Additional
DoD
Components","YOUNG",0.11947181791757
"11",2008-09-30,1.08493150684932,"Fuel","Army","YOUNG",0.00336554347071584
"12",2008-09-30,1.08493150684932,"Fuel","Navy","YOUNG",0.00704595887201735
"13",2008-09-30,1.08493150684932,"Fuel","Air Force","YOUNG",0.000803561843817788
"14",2008-09-30,1.08493150684932,"Fuel","DLA","YOUNG",0.0350517984273319
"15",2008-09-30,1.08493150684932,"Fuel","Additional
DoD
Components","YOUNG",1.69468546637744e-05
"16",2008-09-30,1.08493150684932,"Products","Army","YOUNG",2.64248918255965
"17",2008-09-30,1.08493150684932,"Products","Navy","YOUNG",0.616678873752711
"18",2008-09-30,1.08493150684932,"Products","Air Force","YOUNG",0.404445278210412
"19",2008-09-30,1.08493150684932,"Products","DLA","YOUNG",1.68650658573753
"20",2008-09-30,1.08493150684932,"Products","MDA","YOUNG",0.000784265726681128
"21",2008-09-30,1.08493150684932,"Products","Additional
DoD
Components","YOUNG",0.103921205845987
"22",2008-09-30,1.16712328767123,"Fuel","Army","YOUNG",0.0030792170824295
"23",2008-09-30,1.16712328767123,"Fuel","Navy","YOUNG",0.00102201227765727
"24",2008-09-30,1.16712328767123,"Fuel","Air Force","YOUNG",0.000876980401301518
"25",2008-09-30,1.16712328767123,"Fuel","DLA","YOUNG",1.82638548880694
"26",2008-09-30,1.16712328767123,"Products","Army","YOUNG",7.29359226073753
"27",2008-09-30,1.16712328767123,"Products","Navy","YOUNG",2.30129226343818
"28",2008-09-30,1.16712328767123,"Products","Air Force","YOUNG",1.06563036143167
"29",2008-09-30,1.16712328767123,"Products","DLA","YOUNG",1.4411673491757
"30",2008-09-30,1.16712328767123,"Products","Additional
DoD
Components","YOUNG",0.106638033698482
"31",2008-09-30,1.25205479452055,"Fuel","Army","YOUNG",0.00272662677874187
"32",2008-09-30,1.25205479452055,"Fuel","Navy","YOUNG",0.00138647398047722
"33",2008-09-30,1.25205479452055,"Fuel","Air Force","YOUNG",0.00610010629067245
"34",2008-09-30,1.25205479452055,"Fuel","DLA","YOUNG",0.0686380630802603
"35",2008-09-30,1.25205479452055,"Products","Army","YOUNG",2.973472739859
"36",2008-09-30,1.25205479452055,"Products","Navy","YOUNG",1.26563697303688
"37",2008-09-30,1.25205479452055,"Products","Air Force","YOUNG",0.910083750845987
"38",2008-09-30,1.25205479452055,"Products","DLA","YOUNG",1.64518505579176
"39",2008-09-30,1.25205479452055,"Products","MDA","YOUNG",6.35140997830803e-06
"40",2008-09-30,1.25205479452055,"Products","Military
Health","YOUNG",-2.7114967462039e-09
"41",2008-09-30,1.25205479452055,"Products","Additional
DoD
Components","YOUNG",0.0997995950650759
"42",2008-09-30,1.33698630136986,"Fuel","Army","YOUNG",0.00417744088937093
"43",2008-09-30,1.33698630136986,"Fuel","Navy","YOUNG",0.000929062906724512
"44",2008-09-30,1.33698630136986,"Fuel","Air Force","YOUNG",0.000654623785249458
"45",2008-09-30,1.33698630136986,"Fuel","DLA","YOUNG",0.286824105824295
"46",2008-09-30,1.33698630136986,"Fuel","Additional
DoD
Components","YOUNG",2.15943600867679e-05
"47",2008-09-30,1.33698630136986,"Products","Army","YOUNG",3.90150668319957
"48",2008-09-30,1.33698630136986,"Products","Navy","YOUNG",1.98296051232104
"49",2008-09-30,1.33698630136986,"Products","Air Force","YOUNG",1.14262232800434
"50",2008-09-30,1.33698630136986,"Products","DLA","YOUNG",1.59674289878525
"51",2008-09-30,1.33698630136986,"Products","MDA","YOUNG",0.000232318872017354
"52",2008-09-30,1.33698630136986,"Products","Military
Health","YOUNG",2.72440347071583e-05
"53",2008-09-30,1.33698630136986,"Products","Additional
DoD
Components","YOUNG",0.115747428806941
"54",2008-09-30,1.41643835616438,"Fuel","Army","YOUNG",0.00322683069414317
"55",2008-09-30,1.41643835616438,"Fuel","Navy","YOUNG",0.000870318872017354
"56",2008-09-30,1.41643835616438,"Fuel","Air Force","YOUNG",0.000427989154013015
"57",2008-09-30,1.41643835616438,"Fuel","DLA","YOUNG",4.32281999079176
"58",2008-09-30,1.41643835616438,"Products","Army","YOUNG",4.4238405472885
"59",2008-09-30,1.41643835616438,"Products","Navy","YOUNG",3.67889458651844
"60",2008-09-30,1.41643835616438,"Products","Air Force","YOUNG",0.932089687689805
"61",2008-09-30,1.41643835616438,"Products","DLA","YOUNG",1.75428912007592
"62",2008-09-30,1.41643835616438,"Products","MDA","YOUNG",0.000251690889370933
"63",2008-09-30,1.41643835616438,"Products","Military
Health","YOUNG",5.0130021691974e-05
"64",2008-09-30,1.41643835616438,"Products","Additional
DoD
Components","YOUNG",0.155879062722343
"65",2008-09-30,1.5013698630137,"Fuel","Army","YOUNG",0.00510403651843818
"66",2008-09-30,1.5013698630137,"Fuel","Navy","YOUNG",0.00114563895878525
"67",2008-09-30,1.5013698630137,"Fuel","Air Force","YOUNG",0.000727299349240781
"68",2008-09-30,1.5013698630137,"Fuel","DLA","YOUNG",0.531360477071583
"69",2008-09-30,1.5013698630137,"Products","Army","YOUNG",3.13286004893709
"70",2008-09-30,1.5013698630137,"Products","Navy","YOUNG",1.67037832541215
"71",2008-09-30,1.5013698630137,"Products","Air Force","YOUNG",1.15654820603037
"72",2008-09-30,1.5013698630137,"Products","DLA","YOUNG",1.63250484691974
"73",2008-09-30,1.5013698630137,"Products","MDA","YOUNG",0.000719373101952278
"74",2008-09-30,1.5013698630137,"Products","Military
Health","YOUNG",0.000764177299349241
"75",2008-09-30,1.5013698630137,"Products","Additional
DoD
Components","YOUNG",0.145370349739696
"76",2008-09-30,1.58356164383562,"Fuel","Army","YOUNG",0.00606542972885032
"77",2008-09-30,1.58356164383562,"Fuel","Navy","YOUNG",0.00138783335140998
"78",2008-09-30,1.58356164383562,"Fuel","Air Force","YOUNG",0.000230180043383948
"79",2008-09-30,1.58356164383562,"Fuel","DLA","YOUNG",-0.437178765520607
"80",2008-09-30,1.58356164383562,"Products","Army","YOUNG",5.52897828039046
"81",2008-09-30,1.58356164383562,"Products","Navy","YOUNG",2.58548716956616
"82",2008-09-30,1.58356164383562,"Products","Air Force","YOUNG",1.36287147104121
"83",2008-09-30,1.58356164383562,"Products","DLA","YOUNG",1.67175212464208
"84",2008-09-30,1.58356164383562,"Products","MDA","YOUNG",0.000354498470715835
"85",2008-09-30,1.58356164383562,"Products","Military
Health","YOUNG",4.00542299349241e-06
"86",2008-09-30,1.58356164383562,"Products","Additional
DoD
Components","YOUNG",0.0939099174403471
"87",2008-09-30,1.66849315068493,"Fuel","Army","YOUNG",0.00651721389370933
"88",2008-09-30,1.66849315068493,"Fuel","Navy","YOUNG",0.00185454498915401
"89",2008-09-30,1.66849315068493,"Fuel","Air Force","YOUNG",0.00234640065075922
"90",2008-09-30,1.66849315068493,"Fuel","DLA","YOUNG",1.60188130890456
"91",2008-09-30,1.66849315068493,"Products","Army","YOUNG",2.83356791151844
"92",2008-09-30,1.66849315068493,"Products","Navy","YOUNG",1.40504400683297
"93",2008-09-30,1.66849315068493,"Products","Air Force","YOUNG",0.941122646507592
"94",2008-09-30,1.66849315068493,"Products","DLA","YOUNG",1.96255779110629
"95",2008-09-30,1.66849315068493,"Products","MDA","YOUNG",0.000246624555314534
"96",2008-09-30,1.66849315068493,"Products","Military
Health","YOUNG",4.79212039045553e-05
"97",2008-09-30,1.66849315068493,"Products","Additional
DoD
Components","YOUNG",0.148455120303688
"98",2008-09-30,1.75068493150685,"Fuel","Army","YOUNG",0.00266033677874187
"99",2008-09-30,1.75068493150685,"Fuel","Navy","YOUNG",0.00217895030368764
"100",2008-09-30,1.75068493150685,"Fuel","Air Force","YOUNG",0.0043413751626898
"101",2008-09-30,1.75068493150685,"Fuel","DLA","YOUNG",0.334536901258134
"102",2008-09-30,1.75068493150685,"Products","Army","YOUNG",5.45565439138829
"103",2008-09-30,1.75068493150685,"Products","Navy","YOUNG",2.90979783169197
"104",2008-09-30,1.75068493150685,"Products","Air Force","YOUNG",0.637693208817787
"105",2008-09-30,1.75068493150685,"Products","DLA","YOUNG",1.81600374991323
"106",2008-09-30,1.75068493150685,"Products","MDA","YOUNG",0.00848203305856833
"107",2008-09-30,1.75068493150685,"Products","Military
Health","YOUNG",0.000197099652928416
"108",2008-09-30,1.75068493150685,"Products","Additional
DoD
Components","YOUNG",0.111673927798265
"109",2008-09-30,1.83561643835616,"Fuel","Army","YOUNG",0.00303566031453362
"110",2008-09-30,1.83561643835616,"Fuel","Navy","YOUNG",0.0010218850867679
"111",2008-09-30,1.83561643835616,"Fuel","Air Force","YOUNG",0.000375543177874187
"112",2008-09-30,1.83561643835616,"Fuel","DLA","YOUNG",1.5865435681128
"113",2008-09-30,1.83561643835616,"Products","Army","YOUNG",6.31245449159436
"114",2008-09-30,1.83561643835616,"Products","Navy","YOUNG",1.9469555782538
"115",2008-09-30,1.83561643835616,"Products","Air Force","YOUNG",0.794093495639913
"116",2008-09-30,1.83561643835616,"Products","DLA","YOUNG",1.96585488123644
"117",2008-09-30,1.83561643835616,"Products","MDA","YOUNG",-1.44696963123644e-05
"118",2008-09-30,1.83561643835616,"Products","Additional
DoD
Components","YOUNG",0.150787282700651
"119",2008-09-30,1.92054794520548,"Fuel","Army","YOUNG",0.00742534302603037
"120",2008-09-30,1.92054794520548,"Fuel","Navy","YOUNG",0.000771028329718004
"121",2008-09-30,1.92054794520548,"Fuel","Air Force","YOUNG",0.00012261931670282
"122",2008-09-30,1.92054794520548,"Fuel","DLA","YOUNG",3.2542765170282
"123",2008-09-30,1.92054794520548,"Fuel","Additional
DoD
Components","YOUNG",2.08305314533623e-05
"124",2008-09-30,1.92054794520548,"Products","Army","YOUNG",12.9791430340889
"125",2008-09-30,1.92054794520548,"Products","Navy","YOUNG",6.65093700169197
"126",2008-09-30,1.92054794520548,"Products","Air Force","YOUNG",3.11042638481562
"127",2008-09-30,1.92054794520548,"Products","DLA","YOUNG",2.35326249253796
"128",2008-09-30,1.92054794520548,"Products","MDA","YOUNG",0.000362729229934924
"129",2008-09-30,1.92054794520548,"Products","Military
Health","YOUNG",0.00116684806941432
"130",2008-09-30,1.92054794520548,"Products","Additional
DoD
Components","YOUNG",0.459521589522777
"131",2009-04-26,2.0027397260274,"Fuel","Army","YOUNG",0.0162099090062784
"132",2009-04-26,2.0027397260274,"Fuel","Navy","YOUNG",0.00191710998051526
"133",2009-04-26,2.0027397260274,"Fuel","Air Force","YOUNG",0.00138569310456809
"134",2009-04-26,2.0027397260274,"Fuel","DLA","YOUNG",0.321025957501624
"135",2009-04-26,2.0027397260274,"Fuel","Additional
DoD
Components","YOUNG",0
"136",2009-04-26,2.0027397260274,"Products","Army","YOUNG",2.96293398843906
"137",2009-04-26,2.0027397260274,"Products","Navy","YOUNG",1.33403382619615
"138",2009-04-26,2.0027397260274,"Products","Air Force","YOUNG",0.834517634617883
"139",2009-04-26,2.0027397260274,"Products","DLA","YOUNG",1.63622527717038
"140",2009-04-26,2.0027397260274,"Products","MDA","YOUNG",0.02894577370643
"141",2009-04-26,2.0027397260274,"Products","Military
Health","YOUNG",0
"142",2009-04-26,2.0027397260274,"Products","Additional
DoD
Components","YOUNG",0.121645714710976
"143",2009-04-26,2.08767123287671,"Fuel","Army","YOUNG",0.0182470546871617
"144",2009-04-26,2.08767123287671,"Fuel","Navy","YOUNG",0.00664223922927041
"145",2009-04-26,2.08767123287671,"Fuel","Air Force","YOUNG",0.00184399665512016
"146",2009-04-26,2.08767123287671,"Fuel","DLA","YOUNG",0.562043003085083
"147",2009-04-26,2.08767123287671,"Products","Army","YOUNG",1.81035209112362
"148",2009-04-26,2.08767123287671,"Products","Navy","YOUNG",1.38538461549037
"149",2009-04-26,2.08767123287671,"Products","Air Force","YOUNG",0.841968008854731
"150",2009-04-26,2.08767123287671,"Products","DLA","YOUNG",1.10719081164754
"151",2009-04-26,2.08767123287671,"Products","MDA","YOUNG",0.000504886523056939
"152",2009-04-26,2.08767123287671,"Products","Military
Health","YOUNG",0
"153",2009-04-26,2.08767123287671,"Products","Additional
DoD
Components","YOUNG",0.10862771518727
"154",2009-04-26,2.16986301369863,"Fuel","Army","YOUNG",0.0150310078371942
"155",2009-04-26,2.16986301369863,"Fuel","Navy","YOUNG",0.00417861943061269
"156",2009-04-26,2.16986301369863,"Fuel","Air Force","YOUNG",0.00104321977700801
"157",2009-04-26,2.16986301369863,"Fuel","DLA","YOUNG",4.64707946985278
"158",2009-04-26,2.16986301369863,"Products","Army","YOUNG",7.62268741857545
"159",2009-04-26,2.16986301369863,"Products","Navy","YOUNG",7.73412719110197
"160",2009-04-26,2.16986301369863,"Products","Air Force","YOUNG",1.95847972298116
"161",2009-04-26,2.16986301369863,"Products","DLA","YOUNG",1.27463388699935
"162",2009-04-26,2.16986301369863,"Products","MDA","YOUNG",-0.00984654098289673
"163",2009-04-26,2.16986301369863,"Products","Military
Health","YOUNG",0.000173015804286642
"164",2009-04-26,2.16986301369863,"Products","Additional
DoD
Components","YOUNG",0.272431840571552
"165",2009-04-26,2.25479452054795,"Fuel","Army","YOUNG",0.00601191846720069
"166",2009-04-26,2.25479452054795,"Fuel","Navy","YOUNG",0.000650218109980515
"167",2009-04-26,2.25479452054795,"Fuel","Air Force","YOUNG",0.00130207113011474
"168",2009-04-26,2.25479452054795,"Fuel","DLA","YOUNG",0.380858996763369
"169",2009-04-26,2.25479452054795,"Fuel","Additional
DoD
Components","YOUNG",0.00011305128815761
"170",2009-04-26,2.25479452054795,"Products","Army","YOUNG",2.86581800449231
"171",2009-04-26,2.25479452054795,"Products","Navy","YOUNG",1.19302829555099
"172",2009-04-26,2.25479452054795,"Products","Air Force","YOUNG",0.463628430504438
"173",2009-04-26,2.25479452054795,"Products","DLA","YOUNG",1.26218266408314
"174",2009-04-26,2.25479452054795,"Products","MDA","YOUNG",0.00482857761420221
"175",2009-04-26,2.25479452054795,"Products","Additional
DoD
Components","YOUNG",0.108844661918164
"176",2009-04-26,2.33972602739726,"Fuel","Army","YOUNG",0.0256218809915566
"177",2009-04-26,2.33972602739726,"Fuel","Navy","YOUNG",0.000925425611604243
"178",2009-04-26,2.33972602739726,"Fuel","Air Force","YOUNG",0.000400712524355921
"179",2009-04-26,2.33972602739726,"Fuel","DLA","YOUNG",0.281980356018619
"180",2009-04-26,2.33972602739726,"Products","Army","YOUNG",2.77423790831349
"181",2009-04-26,2.33972602739726,"Products","Navy","YOUNG",1.30917709219528
"182",2009-04-26,2.33972602739726,"Products","Air Force","YOUNG",3.39283681409396
"183",2009-04-26,2.33972602739726,"Products","DLA","YOUNG",1.3173265924659
"184",2009-04-26,2.33972602739726,"Products","MDA","YOUNG",0.0048327969257415
"185",2009-04-26,2.33972602739726,"Products","Military
Health","YOUNG",4.47089305044382e-05
"186",2009-04-26,2.33972602739726,"Products","Additional
DoD
Components","YOUNG",0.120661690517428
"187",2009-04-26,2.41643835616438,"Fuel","Army","YOUNG",0.0333527074583243
"188",2009-04-26,2.41643835616438,"Fuel","Navy","YOUNG",-1.01827776575016e-05
"189",2009-04-26,2.41643835616438,"Fuel","Air Force","YOUNG",0.00637354654687162
"190",2009-04-26,2.41643835616438,"Fuel","DLA","YOUNG",6.21426430798874
"191",2009-04-26,2.41643835616438,"Products","Army","YOUNG",4.63855346311972
"192",2009-04-26,2.41643835616438,"Products","Navy","YOUNG",3.98064036888937
"193",2009-04-26,2.41643835616438,"Products","Air Force","YOUNG",0.995791677614202
"194",2009-04-26,2.41643835616438,"Products","DLA","YOUNG",1.54921981551202
"195",2009-04-26,2.41643835616438,"Products","MDA","YOUNG",0.0140536290539078
"196",2009-04-26,2.41643835616438,"Products","Military
Health","YOUNG",1.66016562026413e-05
"197",2009-04-26,2.41643835616438,"Products","Additional
DoD
Components","YOUNG",0.211601864288807
"198",2009-04-26,2.5013698630137,"Fuel","Army","YOUNG",0.019688473186837
"199",2009-04-26,2.5013698630137,"Fuel","Navy","YOUNG",0.000145477830699286
"200",2009-04-26,2.5013698630137,"Fuel","Air Force","YOUNG",0.000334938060186187
"201",2009-04-26,2.5013698630137,"Fuel","DLA","YOUNG",0.542801286425633
"202",2009-04-26,2.5013698630137,"Products","Army","YOUNG",3.10259385532583
"203",2009-04-26,2.5013698630137,"Products","Navy","YOUNG",1.45136922267807
"204",2009-04-26,2.5013698630137,"Products","Air Force","YOUNG",0.868286101612903
"205",2009-04-26,2.5013698630137,"Products","DLA","YOUNG",1.29192644562676
"206",2009-04-26,2.5013698630137,"Products","MDA","YOUNG",0.00069424442520026
"207",2009-04-26,2.5013698630137,"Products","Additional
DoD
Components","YOUNG",0.133378830168868
"208",2009-09-30,0.498630136986301,"Fuel","Army","CARTER",0.010081083329725
"209",2009-09-30,0.498630136986301,"Fuel","Navy","CARTER",5.59167568737822e-05
"210",2009-09-30,0.498630136986301,"Fuel","Air Force","CARTER",1.04356029443603e-05
"211",2009-09-30,0.498630136986301,"Fuel","DLA","CARTER",0.106408062037238
"212",2009-09-30,0.498630136986301,"Products","Army","CARTER",0.806466292022083
"213",2009-09-30,0.498630136986301,"Products","Navy","CARTER",0.102823946958216
"214",2009-09-30,0.498630136986301,"Products","Air Force","CARTER",0.172411917081619
"215",2009-09-30,0.498630136986301,"Products","DLA","CARTER",0.304912778263693
"216",2009-09-30,0.498630136986301,"Products","MDA","CARTER",0.000100454643862308
"217",2009-09-30,0.498630136986301,"Products","Additional
DoD
Components","CARTER",0.0168597848668543
"218",2009-09-30,0.580821917808219,"Fuel","Army","CARTER",0.00771082615284694
"219",2009-09-30,0.580821917808219,"Fuel","Navy","CARTER",0.000243053420653821
"220",2009-09-30,0.580821917808219,"Fuel","Air Force","CARTER",0.000424401580428664
"221",2009-09-30,0.580821917808219,"Fuel","DLA","CARTER",0.163772709125352
"222",2009-09-30,0.580821917808219,"Products","Army","CARTER",1.71022215782637
"223",2009-09-30,0.580821917808219,"Products","Navy","CARTER",1.45621530882226
"224",2009-09-30,0.580821917808219,"Products","Air Force","CARTER",1.81302986177744
"225",2009-09-30,0.580821917808219,"Products","DLA","CARTER",1.81940904163239
"226",2009-09-30,0.580821917808219,"Products","MDA","CARTER",0.000732305704697987
"227",2009-09-30,0.580821917808219,"Products","Military
Health","CARTER",0.000265058508335137
"228",2009-09-30,0.580821917808219,"Products","Additional
DoD
Components","CARTER",0.0786166306776359
"229",2009-09-30,0.665753424657534,"Fuel","Army","CARTER",0.00543577425849751
"230",2009-09-30,0.665753424657534,"Fuel","Navy","CARTER",0.000369194208703183
"231",2009-09-30,0.665753424657534,"Fuel","Air Force","CARTER",0.00204013966226456
"232",2009-09-30,0.665753424657534,"Fuel","DLA","CARTER",2.21754265269539
"233",2009-09-30,0.665753424657534,"Products","Army","CARTER",4.28559234766183
"234",2009-09-30,0.665753424657534,"Products","Navy","CARTER",1.2843392316194
"235",2009-09-30,0.665753424657534,"Products","Air Force","CARTER",0.401337513909937
"236",2009-09-30,0.665753424657534,"Products","DLA","CARTER",1.66211036819658
"237",2009-09-30,0.665753424657534,"Products","MDA","CARTER",0.000267745096341199
"238",2009-09-30,0.665753424657534,"Products","Military
Health","CARTER",1.32893266940896e-05
"239",2009-09-30,0.665753424657534,"Products","Additional
DoD
Components","CARTER",0.103767288926174
"240",2009-09-30,0.747945205479452,"Fuel","Army","CARTER",0.0284328474669842
"241",2009-09-30,0.747945205479452,"Fuel","Navy","CARTER",0.00059882655336653
"242",2009-09-30,0.747945205479452,"Fuel","Air Force","CARTER",0.00856524014938298
"243",2009-09-30,0.747945205479452,"Fuel","DLA","CARTER",1.40363042534098
"244",2009-09-30,0.747945205479452,"Products","Army","CARTER",3.70202448981381
"245",2009-09-30,0.747945205479452,"Products","Navy","CARTER",1.03027790136393
"246",2009-09-30,0.747945205479452,"Products","Air Force","CARTER",0.696979725308508
"247",2009-09-30,0.747945205479452,"Products","DLA","CARTER",1.79277622473479
"248",2009-09-30,0.747945205479452,"Products","MDA","CARTER",0.000371406830482789
"249",2009-09-30,0.747945205479452,"Products","Additional
DoD
Components","CARTER",0.111210176759039
"250",2009-09-30,0.832876712328767,"Fuel","Army","CARTER",0.035442786447283
"251",2009-09-30,0.832876712328767,"Fuel","Navy","CARTER",0.000746679519376489
"252",2009-09-30,0.832876712328767,"Fuel","Air Force","CARTER",3.40978675037887e-05
"253",2009-09-30,0.832876712328767,"Fuel","DLA","CARTER",2.72507820846504
"254",2009-09-30,0.832876712328767,"Products","Army","CARTER",3.71599080031392
"255",2009-09-30,0.832876712328767,"Products","Navy","CARTER",1.21826610822689
"256",2009-09-30,0.832876712328767,"Products","Air Force","CARTER",0.663615837659667
"257",2009-09-30,0.832876712328767,"Products","DLA","CARTER",1.85196196120372
"258",2009-09-30,0.832876712328767,"Products","MDA","CARTER",0.000286903269105867
"259",2009-09-30,0.832876712328767,"Products","Military
Health","CARTER",0.000231298343797359
"260",2009-09-30,0.832876712328767,"Products","Additional
DoD
Components","CARTER",0.112586937594717
"261",2009-09-30,0.917808219178082,"Fuel","Army","CARTER",0.0313261744100455
"262",2009-09-30,0.917808219178082,"Fuel","Navy","CARTER",0.000386084552933535
"263",2009-09-30,0.917808219178082,"Fuel","Air Force","CARTER",0.00323156648625244
"264",2009-09-30,0.917808219178082,"Fuel","DLA","CARTER",0.0836501287508119
"265",2009-09-30,0.917808219178082,"Fuel","Additional
DoD
Components","CARTER",0.000395253160857328
"266",2009-09-30,0.917808219178082,"Products","Army","CARTER",9.2611701945984
"267",2009-09-30,0.917808219178082,"Products","Navy","CARTER",3.05400169143754
"268",2009-09-30,0.917808219178082,"Products","Air Force","CARTER",2.53762221932236
"269",2009-09-30,0.917808219178082,"Products","DLA","CARTER",2.53155285692791
"270",2009-09-30,0.917808219178082,"Products","MDA","CARTER",0.000569827754925309
"271",2009-09-30,0.917808219178082,"Products","Military
Health","CARTER",0.000391912892400953
"272",2009-09-30,0.917808219178082,"Products","Additional
DoD
Components","CARTER",0.631874632171466
"273",2009-09-30,2.58356164383562,"Fuel","Army","YOUNG",-0.00295510875730678
"274",2009-09-30,2.58356164383562,"Fuel","Navy","YOUNG",0.000334116042433427
"275",2009-09-30,2.58356164383562,"Fuel","Air Force","YOUNG",-4.974361333622e-05
"276",2009-09-30,2.58356164383562,"Fuel","DLA","YOUNG",0.00365946887854514
"277",2009-09-30,2.58356164383562,"Fuel","Additional
DoD
Components","YOUNG",6.10469365663564e-05
"278",2009-09-30,2.58356164383562,"Products","Army","YOUNG",1.21529950530418
"279",2009-09-30,2.58356164383562,"Products","Navy","YOUNG",0.912828773295085
"280",2009-09-30,2.58356164383562,"Products","Air Force","YOUNG",1.34120269142672
"281",2009-09-30,2.58356164383562,"Products","DLA","YOUNG",6.72346395323663e-05
"282",2009-09-30,2.58356164383562,"Products","MDA","YOUNG",0.00987652413942412
"283",2009-09-30,2.58356164383562,"Products","Military
Health","YOUNG",0.000145238568954319
"284",2009-09-30,2.58356164383562,"Products","Additional
DoD
Components","YOUNG",0.00770855051959299
"285",2009-09-30,2.66849315068493,"Fuel","Army","YOUNG",7.51671573933752e-05
"286",2009-09-30,2.66849315068493,"Fuel","Navy","YOUNG",0.000832488688027712
"287",2009-09-30,2.66849315068493,"Fuel","Air Force","YOUNG",-5.60160099588656e-05
"288",2009-09-30,2.66849315068493,"Fuel","DLA","YOUNG",0.0765525206538212
"289",2009-09-30,2.66849315068493,"Products","Army","YOUNG",0.435266227625027
"290",2009-09-30,2.66849315068493,"Products","Navy","YOUNG",2.94356076232951
"291",2009-09-30,2.66849315068493,"Products","Air Force","YOUNG",0.214679162048062
"292",2009-09-30,2.66849315068493,"Products","DLA","YOUNG",0.0133858033773544
"293",2009-09-30,2.66849315068493,"Products","MDA","YOUNG",8.02387313271271e-05
"294",2009-09-30,2.66849315068493,"Products","Military
Health","YOUNG",0
"295",2009-09-30,2.66849315068493,"Products","Additional
DoD
Components","YOUNG",0.0809365916648625
"296",2009-09-30,2.75068493150685,"Fuel","Army","YOUNG",-0.000144942054557263
"297",2009-09-30,2.75068493150685,"Fuel","Navy","YOUNG",1.93699935050877e-05
"298",2009-09-30,2.75068493150685,"Fuel","Air Force","YOUNG",-7.23723749729379e-06
"299",2009-09-30,2.75068493150685,"Fuel","DLA","YOUNG",0.0340150405715523
"300",2009-09-30,2.75068493150685,"Products","Army","YOUNG",1.1996326607599
"301",2009-09-30,2.75068493150685,"Products","Navy","YOUNG",1.51688232853431
"302",2009-09-30,2.75068493150685,"Products","Air Force","YOUNG",0.517166240430829
"303",2009-09-30,2.75068493150685,"Products","DLA","YOUNG",0.0111203511799091
"304",2009-09-30,2.75068493150685,"Products","MDA","YOUNG",0.00388643862307859
"305",2009-09-30,2.75068493150685,"Products","Additional
DoD
Components","YOUNG",0.0268331683481273
"306",2009-09-30,2.83561643835616,"Fuel","Army","YOUNG",3.31527386880277e-06
"307",2009-09-30,2.83561643835616,"Fuel","Navy","YOUNG",-0.000394957663996536
"308",2009-09-30,2.83561643835616,"Fuel","Air Force","YOUNG",-1.77795626759039e-05
"309",2009-09-30,2.83561643835616,"Fuel","DLA","YOUNG",-0.0530625614526954
"310",2009-09-30,2.83561643835616,"Products","Army","YOUNG",0.793970723295086
"311",2009-09-30,2.83561643835616,"Products","Navy","YOUNG",0.324818836533882
"312",2009-09-30,2.83561643835616,"Products","Air Force","YOUNG",0.330003111041351
"313",2009-09-30,2.83561643835616,"Products","DLA","YOUNG",0.00478850563974886
"314",2009-09-30,2.83561643835616,"Products","MDA","YOUNG",0.00850835650573717
"315",2009-09-30,2.83561643835616,"Products","Additional
DoD
Components","YOUNG",0.0221007216497077
"316",2009-09-30,2.92054794520548,"Fuel","Army","YOUNG",-0.000258895735007577
"317",2009-09-30,2.92054794520548,"Fuel","Navy","YOUNG",0.000949103085083351
"318",2009-09-30,2.92054794520548,"Fuel","Air Force","YOUNG",-0.00113152274301797
"319",2009-09-30,2.92054794520548,"Fuel","DLA","YOUNG",-0.0513073351374756
"320",2009-09-30,2.92054794520548,"Fuel","Additional
DoD
Components","YOUNG",0
"321",2009-09-30,2.92054794520548,"Products","Army","YOUNG",1.44057349360251
"322",2009-09-30,2.92054794520548,"Products","Navy","YOUNG",0.662918615934185
"323",2009-09-30,2.92054794520548,"Products","Air Force","YOUNG",0.364617724193548
"324",2009-09-30,2.92054794520548,"Products","DLA","YOUNG",0.0118711992639099
"325",2009-09-30,2.92054794520548,"Products","MDA","YOUNG",0.000493090474128599
"326",2009-09-30,2.92054794520548,"Products","Additional
DoD
Components","YOUNG",0.0320747378328643
"327",2010-09-30,1,"Fuel","Army","CARTER",0.0233509479139923
"328",2010-09-30,1,"Fuel","Navy","CARTER",0.00219462949293967
"329",2010-09-30,1,"Fuel","Air Force","CARTER",0.00109944583868207
"330",2010-09-30,1,"Fuel","DLA","CARTER",0.020293726508344
"331",2010-09-30,1,"Fuel","Additional
DoD
Components","CARTER",0
"332",2010-09-30,1,"Products","Army","CARTER",1.53887622856226
"333",2010-09-30,1,"Products","Navy","CARTER",1.65824682265725
"334",2010-09-30,1,"Products","Air Force","CARTER",0.460319299935815
"335",2010-09-30,1,"Products","DLA","CARTER",1.75152235195764
"336",2010-09-30,1,"Products","MDA","CARTER",0.000513380776636714
"337",2010-09-30,1,"Products","Additional
DoD
Components","CARTER",0.0656431896127514
"338",2010-09-30,1.08493150684932,"Fuel","Army","CARTER",0.0100438860611896
"339",2010-09-30,1.08493150684932,"Fuel","Navy","CARTER",0.00679486735130509
"340",2010-09-30,1.08493150684932,"Fuel","Air Force","CARTER",0.00260674350663243
"341",2010-09-30,1.08493150684932,"Fuel","DLA","CARTER",2.03713412866923
"342",2010-09-30,1.08493150684932,"Products","Army","CARTER",3.07320742577022
"343",2010-09-30,1.08493150684932,"Products","Navy","CARTER",1.08659205497433
"344",2010-09-30,1.08493150684932,"Products","Air Force","CARTER",0.350384580958494
"345",2010-09-30,1.08493150684932,"Products","DLA","CARTER",1.5358053292576
"346",2010-09-30,1.08493150684932,"Products","MDA","CARTER",0.00820481514762516
"347",2010-09-30,1.08493150684932,"Products","Military
Health","CARTER",0
"348",2010-09-30,1.08493150684932,"Products","Additional
DoD
Components","CARTER",-0.158257649561404
"349",2010-09-30,1.16712328767123,"Fuel","Army","CARTER",0.0107341894522893
"350",2010-09-30,1.16712328767123,"Fuel","Navy","CARTER",0.00276293904578519
"351",2010-09-30,1.16712328767123,"Fuel","Air Force","CARTER",0.000442766559691913
"352",2010-09-30,1.16712328767123,"Fuel","DLA","CARTER",0.0388124136392811
"353",2010-09-30,1.16712328767123,"Products","Army","CARTER",4.16115648509842
"354",2010-09-30,1.16712328767123,"Products","Navy","CARTER",1.89599872508558
"355",2010-09-30,1.16712328767123,"Products","Air Force","CARTER",1.41792878532306
"356",2010-09-30,1.16712328767123,"Products","DLA","CARTER",1.57383278035944
"357",2010-09-30,1.16712328767123,"Products","MDA","CARTER",0.00262782182284981
"358",2010-09-30,1.16712328767123,"Products","Military
Health","CARTER",-2.77353016688062e-05
"359",2010-09-30,1.16712328767123,"Products","Additional
DoD
Components","CARTER",0.132986183322636
"360",2010-09-30,1.25205479452055,"Fuel","Army","CARTER",0.0378663822849808
"361",2010-09-30,1.25205479452055,"Fuel","Navy","CARTER",0.000558913660676081
"362",2010-09-30,1.25205479452055,"Fuel","Air Force","CARTER",0.00212564964698331
"363",2010-09-30,1.25205479452055,"Fuel","DLA","CARTER",2.07257980574454
"364",2010-09-30,1.25205479452055,"Products","Army","CARTER",1.64211831244116
"365",2010-09-30,1.25205479452055,"Products","Navy","CARTER",1.89919957258237
"366",2010-09-30,1.25205479452055,"Products","Air Force","CARTER",0.685756532413351
"367",2010-09-30,1.25205479452055,"Products","DLA","CARTER",1.54961944458708
"368",2010-09-30,1.25205479452055,"Products","MDA","CARTER",0.0149171821673085
"369",2010-09-30,1.25205479452055,"Products","Military
Health","CARTER",2.21479567821994e-05
"370",2010-09-30,1.25205479452055,"Products","Additional
DoD
Components","CARTER",0.11645338385751
"371",2010-09-30,1.33698630136986,"Fuel","Army","CARTER",0.0242137684531451
"372",2010-09-30,1.33698630136986,"Fuel","Navy","CARTER",0.000701580519897304
"373",2010-09-30,1.33698630136986,"Fuel","Air Force","CARTER",0.00142719302524604
"374",2010-09-30,1.33698630136986,"Fuel","DLA","CARTER",-0.00423035031022679
"375",2010-09-30,1.33698630136986,"Products","Army","CARTER",3.23460148994437
"376",2010-09-30,1.33698630136986,"Products","Navy","CARTER",2.62622184287548
"377",2010-09-30,1.33698630136986,"Products","Air Force","CARTER",0.696155920667522
"378",2010-09-30,1.33698630136986,"Products","DLA","CARTER",1.8719294749893
"379",2010-09-30,1.33698630136986,"Products","MDA","CARTER",0.00263058794394523
"380",2010-09-30,1.33698630136986,"Products","Military
Health","CARTER",8.62988874625588e-05
"381",2010-09-30,1.33698630136986,"Products","Additional
DoD
Components","CARTER",0.191622099165597
"382",2010-09-30,1.41369863013699,"Fuel","Army","CARTER",0.0295719296640993
"383",2010-09-30,1.41369863013699,"Fuel","Navy","CARTER",0.00136383662815576
"384",2010-09-30,1.41369863013699,"Fuel","Air Force","CARTER",0.000455342789901583
"385",2010-09-30,1.41369863013699,"Fuel","DLA","CARTER",0.408820178241335
"386",2010-09-30,1.41369863013699,"Products","Army","CARTER",3.97292709837398
"387",2010-09-30,1.41369863013699,"Products","Navy","CARTER",3.19463232181215
"388",2010-09-30,1.41369863013699,"Products","Air Force","CARTER",1.18100086964056
"389",2010-09-30,1.41369863013699,"Products","DLA","CARTER",1.67884866883825
"390",2010-09-30,1.41369863013699,"Products","MDA","CARTER",0.000432490372272144
"391",2010-09-30,1.41369863013699,"Products","Military
Health","CARTER",0.00022807959991442
"392",2010-09-30,1.41369863013699,"Products","Additional
DoD
Components","CARTER",0.252467318966624
"393",2010-09-30,1.4986301369863,"Fuel","Army","CARTER",0.0120209773320496
"394",2010-09-30,1.4986301369863,"Fuel","Navy","CARTER",0.00144945687847668
"395",2010-09-30,1.4986301369863,"Fuel","Air Force","CARTER",0.000731761842105263
"396",2010-09-30,1.4986301369863,"Fuel","DLA","CARTER",3.05232733615747
"397",2010-09-30,1.4986301369863,"Products","Army","CARTER",3.98417855304878
"398",2010-09-30,1.4986301369863,"Products","Navy","CARTER",1.7297513580552
"399",2010-09-30,1.4986301369863,"Products","Air Force","CARTER",0.531353022293539
"400",2010-09-30,1.4986301369863,"Products","DLA","CARTER",1.52056167167309
"401",2010-09-30,1.4986301369863,"Products","MDA","CARTER",0.00290278905648267
"402",2010-09-30,1.4986301369863,"Products","Additional
DoD
Components","CARTER",0.341215131215233
"403",2010-09-30,1.58082191780822,"Fuel","Army","CARTER",0.0563683200791613
"404",2010-09-30,1.58082191780822,"Fuel","Navy","CARTER",0.000688973833975182
"405",2010-09-30,1.58082191780822,"Fuel","Air Force","CARTER",8.26063329054343e-05
"406",2010-09-30,1.58082191780822,"Fuel","DLA","CARTER",0.506519656942662
"407",2010-09-30,1.58082191780822,"Products","Army","CARTER",4.50602952209029
"408",2010-09-30,1.58082191780822,"Products","Navy","CARTER",1.4750107482884
"409",2010-09-30,1.58082191780822,"Products","Air Force","CARTER",1.08644866859221
"410",2010-09-30,1.58082191780822,"Products","DLA","CARTER",1.82190444082157
"411",2010-09-30,1.58082191780822,"Products","MDA","CARTER",0.0153223021715875
"412",2010-09-30,1.58082191780822,"Products","Military
Health","CARTER",1.28353979460847e-05
"413",2010-09-30,1.58082191780822,"Products","Additional
DoD
Components","CARTER",0.1257721186457
"414",2010-09-30,1.66575342465753,"Fuel","Army","CARTER",0.0248846890885751
"415",2010-09-30,1.66575342465753,"Fuel","Navy","CARTER",0.00292211898801883
"416",2010-09-30,1.66575342465753,"Fuel","Air Force","CARTER",0.000175238896020539
"417",2010-09-30,1.66575342465753,"Fuel","DLA","CARTER",2.36887288614677
"418",2010-09-30,1.66575342465753,"Products","Army","CARTER",4.33522223474572
"419",2010-09-30,1.66575342465753,"Products","Navy","CARTER",2.61263550436457
"420",2010-09-30,1.66575342465753,"Products","Air Force","CARTER",1.91966412464698
"421",2010-09-30,1.66575342465753,"Products","DLA","CARTER",1.80684943906718
"422",2010-09-30,1.66575342465753,"Products","MDA","CARTER",0.00037638594351733
"423",2010-09-30,1.66575342465753,"Products","Military
Health","CARTER",0.000194552310654686
"424",2010-09-30,1.66575342465753,"Products","Additional
DoD
Components","CARTER",0.207119317233633
"425",2010-09-30,1.74794520547945,"Fuel","Army","CARTER",0.0350576949721866
"426",2010-09-30,1.74794520547945,"Fuel","Navy","CARTER",0.000955920560547711
"427",2010-09-30,1.74794520547945,"Fuel","Air Force","CARTER",0.00158775696405648
"428",2010-09-30,1.74794520547945,"Fuel","DLA","CARTER",0.619288286810013
"429",2010-09-30,1.74794520547945,"Fuel","Additional
DoD
Components","CARTER",0.000149688703465982
"430",2010-09-30,1.74794520547945,"Products","Army","CARTER",3.29942211546855
"431",2010-09-30,1.74794520547945,"Products","Navy","CARTER",2.20359434496149
"432",2010-09-30,1.74794520547945,"Products","Air Force","CARTER",0.565958001690201
"433",2010-09-30,1.74794520547945,"Products","DLA","CARTER",1.85230678799743
"434",2010-09-30,1.74794520547945,"Products","MDA","CARTER",0.00154323116174583
"435",2010-09-30,1.74794520547945,"Products","Military
Health","CARTER",5.54994651262302e-05
"436",2010-09-30,1.74794520547945,"Products","Additional
DoD
Components","CARTER",0.193028473416774
"437",2010-09-30,1.83287671232877,"Fuel","Army","CARTER",0.0203916688061617
"438",2010-09-30,1.83287671232877,"Fuel","Navy","CARTER",0.000502483076593924
"439",2010-09-30,1.83287671232877,"Fuel","Air Force","CARTER",0.00297739139922978
"440",2010-09-30,1.83287671232877,"Fuel","DLA","CARTER",0.51399255983098
"441",2010-09-30,1.83287671232877,"Fuel","Additional
DoD
Components","CARTER",0
"442",2010-09-30,1.83287671232877,"Products","Army","CARTER",4.05367498024176
"443",2010-09-30,1.83287671232877,"Products","Navy","CARTER",1.66784929833119
"444",2010-09-30,1.83287671232877,"Products","Air Force","CARTER",1.40735900216089
"445",2010-09-30,1.83287671232877,"Products","DLA","CARTER",2.01311288535516
"446",2010-09-30,1.83287671232877,"Products","MDA","CARTER",0.000221649197689345
"447",2010-09-30,1.83287671232877,"Products","Military
Health","CARTER",8.7565703893881e-05
"448",2010-09-30,1.83287671232877,"Products","Additional
DoD
Components","CARTER",0.221487326615319
"449",2010-09-30,1.91780821917808,"Fuel","Army","CARTER",0.0143889722721438
"450",2010-09-30,1.91780821917808,"Fuel","Navy","CARTER",-0.000132673352588789
"451",2010-09-30,1.91780821917808,"Fuel","Air Force","CARTER",0.000250744982884039
"452",2010-09-30,1.91780821917808,"Fuel","DLA","CARTER",0.711375010922122
"453",2010-09-30,1.91780821917808,"Products","Army","CARTER",8.29428948485237
"454",2010-09-30,1.91780821917808,"Products","Navy","CARTER",3.84634911921267
"455",2010-09-30,1.91780821917808,"Products","Air Force","CARTER",2.78312534845956
"456",2010-09-30,1.91780821917808,"Products","DLA","CARTER",3.18010326775781
"457",2010-09-30,1.91780821917808,"Products","MDA","CARTER",-0.00163501253744116
"458",2010-09-30,1.91780821917808,"Products","Military
Health","CARTER",0.00177108626444159
"459",2010-09-30,1.91780821917808,"Products","Additional
DoD
Components","CARTER",0.657704554749679
"460",2011-09-30,2,"Fuel","Army","CARTER",0.0102970406210659
"461",2011-09-30,2,"Fuel","Navy","CARTER",0.0100205101237935
"462",2011-09-30,2,"Fuel","Air Force","CARTER",0.00082611638690726
"463",2011-09-30,2,"Fuel","DLA","CARTER",0.363650229133445
"464",2011-09-30,2,"Fuel","Additional
DoD
Components","CARTER",1.42425933697021e-05
"465",2011-09-30,2,"Products","Army","CARTER",0.959988681955518
"466",2011-09-30,2,"Products","Navy","CARTER",1.40921274544692
"467",2011-09-30,2,"Products","Air Force","CARTER",1.17966105632606
"468",2011-09-30,2,"Products","DLA","CARTER",2.11759246438313
"469",2011-09-30,2,"Products","MDA","CARTER",0.000670056682752832
"470",2011-09-30,2,"Products","Military
Health","CARTER",0
"471",2011-09-30,2,"Products","Additional
DoD
Components","CARTER",0.122631429227864
"472",2011-09-30,2.08493150684932,"Fuel","Army","CARTER",0.0120852676248426
"473",2011-09-30,2.08493150684932,"Fuel","Navy","CARTER",0.00168356994334872
"474",2011-09-30,2.08493150684932,"Fuel","Air Force","CARTER",0.00196988578472514
"475",2011-09-30,2.08493150684932,"Fuel","DLA","CARTER",0.350251988365506
"476",2011-09-30,2.08493150684932,"Products","Army","CARTER",3.01618747120227
"477",2011-09-30,2.08493150684932,"Products","Navy","CARTER",1.49811033392782
"478",2011-09-30,2.08493150684932,"Products","Air Force","CARTER",0.447022687914394
"479",2011-09-30,2.08493150684932,"Products","DLA","CARTER",1.49077481957616
"480",2011-09-30,2.08493150684932,"Products","MDA","CARTER",0.00169281074276123
"481",2011-09-30,2.08493150684932,"Products","Military
Health","CARTER",1.21926143516576e-05
"482",2011-09-30,2.08493150684932,"Products","Additional
DoD
Components","CARTER",0.0778044676563156
"483",2011-09-30,2.16712328767123,"Fuel","Army","CARTER",0.0173861546684851
"484",2011-09-30,2.16712328767123,"Fuel","Navy","CARTER",0.000584330077633235
"485",2011-09-30,2.16712328767123,"Fuel","Air Force","CARTER",0.000514622125472094
"486",2011-09-30,2.16712328767123,"Fuel","DLA","CARTER",2.52396498792488
"487",2011-09-30,2.16712328767123,"Products","Army","CARTER",4.36377430629459
"488",2011-09-30,2.16712328767123,"Products","Navy","CARTER",3.86352180096517
"489",2011-09-30,2.16712328767123,"Products","Air Force","CARTER",2.23253230557071
"490",2011-09-30,2.16712328767123,"Products","DLA","CARTER",1.4310933415128
"491",2011-09-30,2.16712328767123,"Products","MDA","CARTER",0.00697023103231221
"492",2011-09-30,2.16712328767123,"Products","Military
Health","CARTER",0
"493",2011-09-30,2.16712328767123,"Products","Additional
DoD
Components","CARTER",0.193019278871171
"494",2011-09-30,2.25205479452055,"Fuel","Army","CARTER",0.0258474586865296
"495",2011-09-30,2.25205479452055,"Fuel","Navy","CARTER",0.000557306210658833
"496",2011-09-30,2.25205479452055,"Fuel","Air Force","CARTER",0.00164589545740663
"497",2011-09-30,2.25205479452055,"Fuel","DLA","CARTER",0.217710876741502
"498",2011-09-30,2.25205479452055,"Fuel","Additional
DoD
Components","CARTER",9.44187893411666e-05
"499",2011-09-30,2.25205479452055,"Products","Army","CARTER",1.76526262746538
"500",2011-09-30,2.25205479452055,"Products","Navy","CARTER",0.761236527538817
"501",2011-09-30,2.25205479452055,"Products","Air Force","CARTER",0.88497780107008
"502",2011-09-30,2.25205479452055,"Products","DLA","CARTER",1.59800629792279
"503",2011-09-30,2.25205479452055,"Products","MDA","CARTER",0.00470988942509442
"504",2011-09-30,2.25205479452055,"Products","Military
Health","CARTER",2.74737725556022e-05
"505",2011-09-30,2.25205479452055,"Products","Additional
DoD
Components","CARTER",0.165546931074276
"506",2011-09-30,2.33698630136986,"Fuel","Army","CARTER",0.0430905314099874
"507",2011-09-30,2.33698630136986,"Fuel","Navy","CARTER",0.0012321908938313
"508",2011-09-30,2.33698630136986,"Fuel","Air Force","CARTER",0.00132775240243391
"509",2011-09-30,2.33698630136986,"Fuel","DLA","CARTER",0.130653158718003
"510",2011-09-30,2.33698630136986,"Products","Army","CARTER",2.26914394816408
"511",2011-09-30,2.33698630136986,"Products","Navy","CARTER",1.70816452770667
"512",2011-09-30,2.33698630136986,"Products","Air Force","CARTER",0.905419343432648
"513",2011-09-30,2.33698630136986,"Products","DLA","CARTER",1.43521209183802
"514",2011-09-30,2.33698630136986,"Products","MDA","CARTER",0.00898906209609735
"515",2011-09-30,2.33698630136986,"Products","Military
Health","CARTER",4.06387431808645e-05
"516",2011-09-30,2.33698630136986,"Products","Additional
DoD
Components","CARTER",0.109870293946706
"517",2011-09-30,2.41369863013699,"Fuel","Army","CARTER",0.0499566718946706
"518",2011-09-30,2.41369863013699,"Fuel","Navy","CARTER",0.00175368392782207
"519",2011-09-30,2.41369863013699,"Fuel","Air Force","CARTER",0.00284724761854805
"520",2011-09-30,2.41369863013699,"Fuel","DLA","CARTER",0.721806353315149
"521",2011-09-30,2.41369863013699,"Fuel","Additional
DoD
Components","CARTER",0.000366990621065883
"522",2011-09-30,2.41369863013699,"Products","Army","CARTER",4.18399864222619
"523",2011-09-30,2.41369863013699,"Products","Navy","CARTER",2.75853514447125
"524",2011-09-30,2.41369863013699,"Products","Air Force","CARTER",2.08433033039236
"525",2011-09-30,2.41369863013699,"Products","DLA","CARTER",1.82464669086236
"526",2011-09-30,2.41369863013699,"Products","MDA","CARTER",0.0487783817352077
"527",2011-09-30,2.41369863013699,"Products","Military
Health","CARTER",0.000528831798153588
"528",2011-09-30,2.41369863013699,"Products","Additional
DoD
Components","CARTER",0.201111881924045
"529",2011-09-30,2.4986301369863,"Fuel","Army","CARTER",0.0475351862987831
"530",2011-09-30,2.4986301369863,"Fuel","Navy","CARTER",0.00251386512798993
"531",2011-09-30,2.4986301369863,"Fuel","Air Force","CARTER",0.00103945183592111
"532",2011-09-30,2.4986301369863,"Fuel","DLA","CARTER",0.969844284410407
"533",2011-09-30,2.4986301369863,"Products","Army","CARTER",2.18401349715694
"534",2011-09-30,2.4986301369863,"Products","Navy","CARTER",1.48614048940411
"535",2011-09-30,2.4986301369863,"Products","Air Force","CARTER",0.986436465421737
"536",2011-09-30,2.4986301369863,"Products","DLA","CARTER",1.57926420719681
"537",2011-09-30,2.4986301369863,"Products","MDA","CARTER",0.00919437085606378
"538",2011-09-30,2.4986301369863,"Products","Military
Health","CARTER",0.00021534868862778
"539",2011-09-30,2.4986301369863,"Products","Additional
DoD
Components","CARTER",0.176061027580781
"540",2011-09-30,2.58082191780822,"Fuel","Army","CARTER",0.0500918914183802
"541",2011-09-30,2.58082191780822,"Fuel","Navy","CARTER",0.000525941586235837
"542",2011-09-30,2.58082191780822,"Fuel","Air Force","CARTER",0.000993134483843894
"543",2011-09-30,2.58082191780822,"Fuel","DLA","CARTER",1.19418531268359
"544",2011-09-30,2.58082191780822,"Products","Army","CARTER",3.04253496614561
"545",2011-09-30,2.58082191780822,"Products","Navy","CARTER",3.02016727867184
"546",2011-09-30,2.58082191780822,"Products","Air Force","CARTER",1.58192644643307
"547",2011-09-30,2.58082191780822,"Products","DLA","CARTER",1.44301154745069
"548",2011-09-30,2.58082191780822,"Products","MDA","CARTER",0.0182158033466219
"549",2011-09-30,2.58082191780822,"Products","Military
Health","CARTER",0.000115345614771297
"550",2011-09-30,2.58082191780822,"Products","Additional
DoD
Components","CARTER",0.184014017415023
"551",2011-09-30,2.66575342465753,"Fuel","Army","CARTER",0.01066942736047
"552",2011-09-30,2.66575342465753,"Fuel","Navy","CARTER",0.00111806513848091
"553",2011-09-30,2.66575342465753,"Fuel","Air Force","CARTER",6.51697859840537e-05
"554",2011-09-30,2.66575342465753,"Fuel","DLA","CARTER",1.34700155602182
"555",2011-09-30,2.66575342465753,"Products","Army","CARTER",3.64463355831935
"556",2011-09-30,2.66575342465753,"Products","Navy","CARTER",3.53737066420478
"557",2011-09-30,2.66575342465753,"Products","Air Force","CARTER",1.75003281095258
"558",2011-09-30,2.66575342465753,"Products","DLA","CARTER",1.85108091723668
"559",2011-09-30,2.66575342465753,"Products","MDA","CARTER",0.0160097239509022
"560",2011-09-30,2.66575342465753,"Products","Military
Health","CARTER",0.000183931357532522
"561",2011-09-30,2.66575342465753,"Products","Additional
DoD
Components","CARTER",0.28596724560428
"562",2011-09-30,2.74794520547945,"Fuel","Army","CARTER",0.0378824984683172
"563",2011-09-30,2.74794520547945,"Fuel","Navy","CARTER",0.00103762332144356
"564",2011-09-30,2.74794520547945,"Fuel","Air Force","CARTER",0.00117186190725976
"565",2011-09-30,2.74794520547945,"Fuel","DLA","CARTER",2.77325424374738
"566",2011-09-30,2.74794520547945,"Fuel","Additional
DoD
Components","CARTER",1.67855644146034e-05
"567",2011-09-30,2.74794520547945,"Products","Army","CARTER",3.88766040611624
"568",2011-09-30,2.74794520547945,"Products","Navy","CARTER",2.69424766572598
"569",2011-09-30,2.74794520547945,"Products","Air Force","CARTER",1.10539716075325
"570",2011-09-30,2.74794520547945,"Products","DLA","CARTER",1.63001113855434
"571",2011-09-30,2.74794520547945,"Products","MDA","CARTER",0.0223257727968947
"572",2011-09-30,2.74794520547945,"Products","Military
Health","CARTER",0.000279488428451532
"573",2011-09-30,2.74794520547945,"Products","Additional
DoD
Components","CARTER",0.144986309746118
"574",2011-09-30,2.83287671232877,"Fuel","Army","CARTER",0.0509125815673521
"575",2011-09-30,2.83287671232877,"Fuel","Navy","CARTER",0.00323008424255141
"576",2011-09-30,2.83287671232877,"Fuel","Air Force","CARTER",0.00204777712966848
"577",2011-09-30,2.83287671232877,"Fuel","DLA","CARTER",0.778002773992866
"578",2011-09-30,2.83287671232877,"Products","Army","CARTER",3.74570993422157
"579",2011-09-30,2.83287671232877,"Products","Navy","CARTER",2.66778725301091
"580",2011-09-30,2.83287671232877,"Products","Air Force","CARTER",1.83344285496223
"581",2011-09-30,2.83287671232877,"Products","DLA","CARTER",1.96233742461183
"582",2011-09-30,2.83287671232877,"Products","MDA","CARTER",0.0128974379143936
"583",2011-09-30,2.83287671232877,"Products","Military
Health","CARTER",0.000710075965169954
"584",2011-09-30,2.83287671232877,"Products","Additional
DoD
Components","CARTER",0.0304666510595888
"585",2011-09-30,2.91780821917808,"Fuel","Army","CARTER",0.0389379548363407
"586",2011-09-30,2.91780821917808,"Fuel","Navy","CARTER",0.00235453431598825
"587",2011-09-30,2.91780821917808,"Fuel","Air Force","CARTER",0.0014906708036089
"588",2011-09-30,2.91780821917808,"Fuel","DLA","CARTER",2.66073431408938
"589",2011-09-30,2.91780821917808,"Products","Army","CARTER",6.92042033754721
"590",2011-09-30,2.91780821917808,"Products","Navy","CARTER",6.78065962714016
"591",2011-09-30,2.91780821917808,"Products","Air Force","CARTER",3.02569161979647
"592",2011-09-30,2.91780821917808,"Products","DLA","CARTER",3.09581702274444
"593",2011-09-30,2.91780821917808,"Products","MDA","CARTER",0.0113642100608477
"594",2011-09-30,2.91780821917808,"Products","Military
Health","CARTER",0.00145735587494754
"595",2011-09-30,2.91780821917808,"Products","Additional
DoD
Components","CARTER",0.663058216596727
"596",2012-09-30,0.0849315068493151,"Fuel","Army","KENDALL",0.0332848985892287
"597",2012-09-30,0.0849315068493151,"Fuel","Navy","KENDALL",0.00205073235506127
"598",2012-09-30,0.0849315068493151,"Fuel","Air Force","KENDALL",0.00058527328802389
"599",2012-09-30,0.0849315068493151,"Fuel","DLA","KENDALL",0.416524734682319
"600",2012-09-30,0.0849315068493151,"Products","Army","KENDALL",0.70187789695191
"601",2012-09-30,0.0849315068493151,"Products","Navy","KENDALL",0.674934996735661
"602",2012-09-30,0.0849315068493151,"Products","Air Force","KENDALL",0.438801490690969
"603",2012-09-30,0.0849315068493151,"Products","DLA","KENDALL",1.48795095459788
"604",2012-09-30,0.0849315068493151,"Products","MDA","KENDALL",4.13183503243744e-05
"605",2012-09-30,0.0849315068493151,"Products","Military
Health","KENDALL",3.78190917516219e-05
"606",2012-09-30,0.0849315068493151,"Products","Additional
DoD
Components","KENDALL",0.083610916012769
"607",2012-09-30,0.167123287671233,"Fuel","Army","KENDALL",0.0307544738132015
"608",2012-09-30,0.167123287671233,"Fuel","Navy","KENDALL",0.000433100494284832
"609",2012-09-30,0.167123287671233,"Fuel","Air Force","KENDALL",0.00151760512820513
"610",2012-09-30,0.167123287671233,"Fuel","DLA","KENDALL",3.77008839646792
"611",2012-09-30,0.167123287671233,"Fuel","Additional
DoD
Components","KENDALL",0.000325939656060138
"612",2012-09-30,0.167123287671233,"Products","Army","KENDALL",2.52218456672845
"613",2012-09-30,0.167123287671233,"Products","Navy","KENDALL",1.46624281318093
"614",2012-09-30,0.167123287671233,"Products","Air Force","KENDALL",1.18668286120914
"615",2012-09-30,0.167123287671233,"Products","DLA","KENDALL",1.44500342770055
"616",2012-09-30,0.167123287671233,"Products","MDA","KENDALL",0.000100501668211307
"617",2012-09-30,0.167123287671233,"Products","Military
Health","KENDALL",0.0130766994130368
"618",2012-09-30,0.167123287671233,"Products","Additional
DoD
Components","KENDALL",0.12152023145917
"619",2012-09-30,0.252054794520548,"Fuel","Army","KENDALL",0.0326942479353311
"620",2012-09-30,0.252054794520548,"Fuel","Navy","KENDALL",0.000387552435382556
"621",2012-09-30,0.252054794520548,"Fuel","Air Force","KENDALL",0.000584590670373803
"622",2012-09-30,0.252054794520548,"Fuel","DLA","KENDALL",0.0816391709195757
"623",2012-09-30,0.252054794520548,"Products","Army","KENDALL",0.831057925949954
"624",2012-09-30,0.252054794520548,"Products","Navy","KENDALL",1.25212902285038
"625",2012-09-30,0.252054794520548,"Products","Air Force","KENDALL",0.312003184955205
"626",2012-09-30,0.252054794520548,"Products","DLA","KENDALL",1.35808168811657
"627",2012-09-30,0.252054794520548,"Products","MDA","KENDALL",0.118364601699104
"628",2012-09-30,0.252054794520548,"Products","Military
Health","KENDALL",0.000678529090721862
"629",2012-09-30,0.252054794520548,"Products","Additional
DoD
Components","KENDALL",0.0726133132942025
"630",2012-09-30,0.336986301369863,"Fuel","Army","KENDALL",0.00168695664710123
"631",2012-09-30,0.336986301369863,"Fuel","Navy","KENDALL",0.00177951779425394
"632",2012-09-30,0.336986301369863,"Fuel","Air Force","KENDALL",0.00015975452579549
"633",2012-09-30,0.336986301369863,"Fuel","DLA","KENDALL",0.00708051164658635
"634",2012-09-30,0.336986301369863,"Fuel","Additional
DoD
Components","KENDALL",0.000321820615796519
"635",2012-09-30,0.336986301369863,"Products","Army","KENDALL",1.57852546331995
"636",2012-09-30,0.336986301369863,"Products","Navy","KENDALL",1.67099349734322
"637",2012-09-30,0.336986301369863,"Products","Air Force","KENDALL",1.42982458543919
"638",2012-09-30,0.336986301369863,"Products","DLA","KENDALL",1.48588467237154
"639",2012-09-30,0.336986301369863,"Products","MDA","KENDALL",5.93605189990732e-05
"640",2012-09-30,0.336986301369863,"Products","Military
Health","KENDALL",0.00351510197713933
"641",2012-09-30,0.336986301369863,"Products","Additional
DoD
Components","KENDALL",0.10492204145814
"642",2012-09-30,0.416438356164384,"Fuel","Army","KENDALL",0.107011210596231
"643",2012-09-30,0.416438356164384,"Fuel","Navy","KENDALL",0.00165515554525796
"644",2012-09-30,0.416438356164384,"Fuel","Air Force","KENDALL",0.00706222196478221
"645",2012-09-30,0.416438356164384,"Fuel","DLA","KENDALL",1.46970281090516
"646",2012-09-30,0.416438356164384,"Products","Army","KENDALL",2.33572540078262
"647",2012-09-30,0.416438356164384,"Products","Navy","KENDALL",1.07265844286891
"648",2012-09-30,0.416438356164384,"Products","Air Force","KENDALL",4.42915706773762
"649",2012-09-30,0.416438356164384,"Products","DLA","KENDALL",1.53748105131294
"650",2012-09-30,0.416438356164384,"Products","MDA","KENDALL",0.000684288724127278
"651",2012-09-30,0.416438356164384,"Products","Military
Health","KENDALL",0.000935565163216971
"652",2012-09-30,0.416438356164384,"Products","Additional
DoD
Components","KENDALL",0.199769063556791
"653",2012-09-30,0.501369863013699,"Fuel","Army","KENDALL",0.0495268766553393
"654",2012-09-30,0.501369863013699,"Fuel","Navy","KENDALL",0.00198357758212337
"655",2012-09-30,0.501369863013699,"Fuel","Air Force","KENDALL",0.000847855699721965
"656",2012-09-30,0.501369863013699,"Fuel","DLA","KENDALL",0.521773589352281
"657",2012-09-30,0.501369863013699,"Products","Army","KENDALL",1.73260517256719
"658",2012-09-30,0.501369863013699,"Products","Navy","KENDALL",1.02826036493667
"659",2012-09-30,0.501369863013699,"Products","Air Force","KENDALL",0.63770213120173
"660",2012-09-30,0.501369863013699,"Products","DLA","KENDALL",1.60190531982288
"661",2012-09-30,0.501369863013699,"Products","MDA","KENDALL",5.18420862938935e-05
"662",2012-09-30,0.501369863013699,"Products","Military
Health","KENDALL",0.000533698784883122
"663",2012-09-30,0.501369863013699,"Products","Additional
DoD
Components","KENDALL",0.189341264946967
"664",2012-09-30,0.583561643835616,"Fuel","Army","KENDALL",0.059150643579446
"665",2012-09-30,0.583561643835616,"Fuel","Navy","KENDALL",0.000327580764081969
"666",2012-09-30,0.583561643835616,"Fuel","Air Force","KENDALL",0.00211965052002883
"667",2012-09-30,0.583561643835616,"Fuel","DLA","KENDALL",2.64121587522397
"668",2012-09-30,0.583561643835616,"Fuel","Additional
DoD
Components","KENDALL",0.00100474616414375
"669",2012-09-30,0.583561643835616,"Products","Army","KENDALL",1.58050691326331
"670",2012-09-30,0.583561643835616,"Products","Navy","KENDALL",1.1698136317681
"671",2012-09-30,0.583561643835616,"Products","Air Force","KENDALL",1.42788359197817
"672",2012-09-30,0.583561643835616,"Products","DLA","KENDALL",1.83601304253939
"673",2012-09-30,0.583561643835616,"Products","MDA","KENDALL",0.169392644876944
"674",2012-09-30,0.583561643835616,"Products","Military
Health","KENDALL",0.000485925167336011
"675",2012-09-30,0.583561643835616,"Products","Additional
DoD
Components","KENDALL",0.221051606899392
"676",2012-09-30,0.668493150684932,"Fuel","Army","KENDALL",0.043843953609309
"677",2012-09-30,0.668493150684932,"Fuel","Navy","KENDALL",0.000647706611059623
"678",2012-09-30,0.668493150684932,"Fuel","Air Force","KENDALL",8.61388425496859e-05
"679",2012-09-30,0.668493150684932,"Fuel","DLA","KENDALL",1.23468658563485
"680",2012-09-30,0.668493150684932,"Fuel","Additional
DoD
Components","KENDALL",1.9973844094326e-05
"681",2012-09-30,0.668493150684932,"Products","Army","KENDALL",4.98676218942436
"682",2012-09-30,0.668493150684932,"Products","Navy","KENDALL",2.06943907059005
"683",2012-09-30,0.668493150684932,"Products","Air Force","KENDALL",2.8871846575224
"684",2012-09-30,0.668493150684932,"Products","DLA","KENDALL",1.7658202381835
"685",2012-09-30,0.668493150684932,"Products","MDA","KENDALL",0.00160343672124395
"686",2012-09-30,0.668493150684932,"Products","Military
Health","KENDALL",0.000604378210277005
"687",2012-09-30,0.668493150684932,"Products","Additional
DoD
Components","KENDALL",0.22156252502317
"688",2012-09-30,0.750684931506849,"Fuel","Army","KENDALL",0.0463930998146432
"689",2012-09-30,0.750684931506849,"Fuel","Navy","KENDALL",0.000385589506744928
"690",2012-09-30,0.750684931506849,"Fuel","Air Force","KENDALL",0.000297724477396767
"691",2012-09-30,0.750684931506849,"Fuel","DLA","KENDALL",0.506923237606838
"692",2012-09-30,0.750684931506849,"Products","Army","KENDALL",2.09244605885079
"693",2012-09-30,0.750684931506849,"Products","Navy","KENDALL",1.19674105387705
"694",2012-09-30,0.750684931506849,"Products","Air Force","KENDALL",0.827745208073319
"695",2012-09-30,0.750684931506849,"Products","DLA","KENDALL",1.64326217645968
"696",2012-09-30,0.750684931506849,"Products","MDA","KENDALL",2.57690557100196e-05
"697",2012-09-30,0.750684931506849,"Products","Military
Health","KENDALL",0.00457488607764391
"698",2012-09-30,0.750684931506849,"Products","Additional
DoD
Components","KENDALL",0.198936623190197
"699",2012-09-30,0.835616438356164,"Fuel","Army","KENDALL",0.0318731857790135
"700",2012-09-30,0.835616438356164,"Fuel","Navy","KENDALL",0.00027508172175883
"701",2012-09-30,0.835616438356164,"Fuel","Air Force","KENDALL",0.00335011006075584
"702",2012-09-30,0.835616438356164,"Fuel","DLA","KENDALL",0.709190193337452
"703",2012-09-30,0.835616438356164,"Products","Army","KENDALL",1.81005967935331
"704",2012-09-30,0.835616438356164,"Products","Navy","KENDALL",1.53620399463495
"705",2012-09-30,0.835616438356164,"Products","Air Force","KENDALL",1.68246313571208
"706",2012-09-30,0.835616438356164,"Products","DLA","KENDALL",2.14239921921532
"707",2012-09-30,0.835616438356164,"Products","MDA","KENDALL",0.000611772217073422
"708",2012-09-30,0.835616438356164,"Products","Military
Health","KENDALL",0.00099860546802595
"709",2012-09-30,0.835616438356164,"Products","Additional
DoD
Components","KENDALL",0.166206757676861
"710",2012-09-30,0.920547945205479,"Fuel","Army","KENDALL",0.0376362096900422
"711",2012-09-30,0.920547945205479,"Fuel","Navy","KENDALL",0.000939858377098136
"712",2012-09-30,0.920547945205479,"Fuel","Air Force","KENDALL",0.000244994583462053
"713",2012-09-30,0.920547945205479,"Fuel","DLA","KENDALL",5.9115045055607
"714",2012-09-30,0.920547945205479,"Fuel","Additional
DoD
Components","KENDALL",3.25153949129853e-06
"715",2012-09-30,0.920547945205479,"Products","Army","KENDALL",5.98583998468747
"716",2012-09-30,0.920547945205479,"Products","Navy","KENDALL",2.95909447603748
"717",2012-09-30,0.920547945205479,"Products","Air Force","KENDALL",2.74157428330759
"718",2012-09-30,0.920547945205479,"Products","DLA","KENDALL",2.77311374782206
"719",2012-09-30,0.920547945205479,"Products","MDA","KENDALL",0.000178950592112038
"720",2012-09-30,0.920547945205479,"Products","Military
Health","KENDALL",0.0192547883740089
"721",2012-09-30,0.920547945205479,"Products","Additional
DoD
Components","KENDALL",0.482198977458552
"722",2013-09-30,1.0027397260274,"Fuel","Army","KENDALL",0.0356401686806134
"723",2013-09-30,1.0027397260274,"Fuel","Navy","KENDALL",0.0130442395595613
"724",2013-09-30,1.0027397260274,"Fuel","Air Force","KENDALL",0.000274927305169087
"725",2013-09-30,1.0027397260274,"Fuel","DLA","KENDALL",0.488705866869706
"726",2013-09-30,1.0027397260274,"Fuel","Additional
DoD
Components","KENDALL",0.000636352229105311
"727",2013-09-30,1.0027397260274,"Products","Army","KENDALL",0.696124541501777
"728",2013-09-30,1.0027397260274,"Products","Navy","KENDALL",0.934756302824921
"729",2013-09-30,1.0027397260274,"Products","Air Force","KENDALL",1.61486893101858
"730",2013-09-30,1.0027397260274,"Products","DLA","KENDALL",1.48970899141109
"731",2013-09-30,1.0027397260274,"Products","MDA","KENDALL",1.23276124708033e-05
"732",2013-09-30,1.0027397260274,"Products","Military
Health","KENDALL",1.39357972986696e-05
"733",2013-09-30,1.0027397260274,"Products","Additional
DoD
Components","KENDALL",0.0637187455389459
"734",2013-09-30,1.08767123287671,"Fuel","Army","KENDALL",0.0425698534491723
"735",2013-09-30,1.08767123287671,"Fuel","Navy","KENDALL",0.0014848261722352
"736",2013-09-30,1.08767123287671,"Fuel","Air Force","KENDALL",0.000137461927490606
"737",2013-09-30,1.08767123287671,"Fuel","DLA","KENDALL",0.0523069726517721
"738",2013-09-30,1.08767123287671,"Fuel","Additional
DoD
Components","KENDALL",0.000622565248298974
"739",2013-09-30,1.08767123287671,"Products","Army","KENDALL",1.47480574370245
"740",2013-09-30,1.08767123287671,"Products","Navy","KENDALL",1.70490014039636
"741",2013-09-30,1.08767123287671,"Products","Air Force","KENDALL",0.843442098055144
"742",2013-09-30,1.08767123287671,"Products","DLA","KENDALL",1.69111637013547
"743",2013-09-30,1.08767123287671,"Products","MDA","KENDALL",0.00651558342642429
"744",2013-09-30,1.08767123287671,"Products","Military
Health","KENDALL",0.000935688290850005
"745",2013-09-30,1.08767123287671,"Products","Additional
DoD
Components","KENDALL",0.13533365847974
"746",2013-09-30,1.16986301369863,"Fuel","Army","KENDALL",0.0337862664618666
"747",2013-09-30,1.16986301369863,"Fuel","Navy","KENDALL",0.000604609112927795
"748",2013-09-30,1.16986301369863,"Fuel","Air Force","KENDALL",0.000848708720524018
"749",2013-09-30,1.16986301369863,"Fuel","DLA","KENDALL",2.83550064759775
"750",2013-09-30,1.16986301369863,"Fuel","Additional
DoD
Components","KENDALL",0
"751",2013-09-30,1.16986301369863,"Products","Army","KENDALL",4.29250241460008
"752",2013-09-30,1.16986301369863,"Products","Navy","KENDALL",5.00347489360049
"753",2013-09-30,1.16986301369863,"Products","Air Force","KENDALL",2.17818819474246
"754",2013-09-30,1.16986301369863,"Products","DLA","KENDALL",1.44072206378511
"755",2013-09-30,1.16986301369863,"Products","MDA","KENDALL",0.0413552513963644
"756",2013-09-30,1.16986301369863,"Products","Military
Health","KENDALL",0.0140077612307302
"757",2013-09-30,1.16986301369863,"Products","Additional
DoD
Components","KENDALL",0.124762270441251
"758",2013-09-30,1.25479452054795,"Fuel","Army","KENDALL",0.0335142042731797
"759",2013-09-30,1.25479452054795,"Fuel","Navy","KENDALL",0.00184789067898852
"760",2013-09-30,1.25479452054795,"Fuel","Air Force","KENDALL",0.000354444484005281
"761",2013-09-30,1.25479452054795,"Fuel","DLA","KENDALL",0.286984392025287
"762",2013-09-30,1.25479452054795,"Fuel","Additional
DoD
Components","KENDALL",3.3126433431502e-06
"763",2013-09-30,1.25479452054795,"Products","Army","KENDALL",0.697334349320707
"764",2013-09-30,1.25479452054795,"Products","Navy","KENDALL",0.643284120680309
"765",2013-09-30,1.25479452054795,"Products","Air Force","KENDALL",0.516241352702955
"766",2013-09-30,1.25479452054795,"Products","DLA","KENDALL",1.38495935442785
"767",2013-09-30,1.25479452054795,"Products","MDA","KENDALL",0
"768",2013-09-30,1.25479452054795,"Products","Military
Health","KENDALL",0.000372386727531228
"769",2013-09-30,1.25479452054795,"Products","Additional
DoD
Components","KENDALL",0.129424327078806
"770",2013-09-30,1.33972602739726,"Fuel","Army","KENDALL",0.0458955997036661
"771",2013-09-30,1.33972602739726,"Fuel","Navy","KENDALL",0.00117801902173251
"772",2013-09-30,1.33972602739726,"Fuel","Air Force","KENDALL",0.000664491033512745
"773",2013-09-30,1.33972602739726,"Fuel","DLA","KENDALL",0.15261105820717
"774",2013-09-30,1.33972602739726,"Fuel","Additional
DoD
Components","KENDALL",4.06215090890627e-06
"775",2013-09-30,1.33972602739726,"Products","Army","KENDALL",1.22471580208297
"776",2013-09-30,1.33972602739726,"Products","Navy","KENDALL",1.01127111422261
"777",2013-09-30,1.33972602739726,"Products","Air Force","KENDALL",1.79369231098619
"778",2013-09-30,1.33972602739726,"Products","DLA","KENDALL",1.35134805547334
"779",2013-09-30,1.33972602739726,"Products","MDA","KENDALL",0.00296156189702447
"780",2013-09-30,1.33972602739726,"Products","Military
Health","KENDALL",6.5930323042551e-05
"781",2013-09-30,1.33972602739726,"Products","Additional
DoD
Components","KENDALL",0.0839105621391287
"782",2013-09-30,1.41643835616438,"Fuel","Army","KENDALL",0.0486837263517823
"783",2013-09-30,1.41643835616438,"Fuel","Navy","KENDALL",0.00204250941606581
"784",2013-09-30,1.41643835616438,"Fuel","Air Force","KENDALL",-1.43637965877932e-05
"785",2013-09-30,1.41643835616438,"Fuel","DLA","KENDALL",0.695775550189398
"786",2013-09-30,1.41643835616438,"Products","Army","KENDALL",1.32055344093237
"787",2013-09-30,1.41643835616438,"Products","Navy","KENDALL",1.29813766133299
"788",2013-09-30,1.41643835616438,"Products","Air Force","KENDALL",0.699913150836905
"789",2013-09-30,1.41643835616438,"Products","DLA","KENDALL",1.4056094815487
"790",2013-09-30,1.41643835616438,"Products","MDA","KENDALL",0.00207611106174469
"791",2013-09-30,1.41643835616438,"Products","Military
Health","KENDALL",0.00142053989661826
"792",2013-09-30,1.41643835616438,"Products","Additional
DoD
Components","KENDALL",0.040006051560983
"793",2013-09-30,1.5013698630137,"Fuel","Army","KENDALL",0.0498667249949223
"794",2013-09-30,1.5013698630137,"Fuel","Navy","KENDALL",0.000348623632883112
"795",2013-09-30,1.5013698630137,"Fuel","Air Force","KENDALL",0.000131266873870214
"796",2013-09-30,1.5013698630137,"Fuel","DLA","KENDALL",0.0814086868753935
"797",2013-09-30,1.5013698630137,"Fuel","Additional
DoD
Components","KENDALL",0.000316312425104093
"798",2013-09-30,1.5013698630137,"Products","Army","KENDALL",1.26055909943465
"799",2013-09-30,1.5013698630137,"Products","Navy","KENDALL",1.50507019569493
"800",2013-09-30,1.5013698630137,"Products","Air Force","KENDALL",1.29441863461633
"801",2013-09-30,1.5013698630137,"Products","DLA","KENDALL",1.34081636612796
"802",2013-09-30,1.5013698630137,"Products","MDA","KENDALL",0.0288491907116888
"803",2013-09-30,1.5013698630137,"Products","Military
Health","KENDALL",0.000196446672996852
"804",2013-09-30,1.5013698630137,"Products","Additional
DoD
Components","KENDALL",0.147628755682441
"805",2013-09-30,1.58356164383562,"Fuel","Army","KENDALL",0.049037977549609
"806",2013-09-30,1.58356164383562,"Fuel","Navy","KENDALL",0.00144401159307403
"807",2013-09-30,1.58356164383562,"Fuel","Air Force","KENDALL",5.94790291459328e-05
"808",2013-09-30,1.58356164383562,"Fuel","DLA","KENDALL",0.581154835673708
"809",2013-09-30,1.58356164383562,"Fuel","Additional
DoD
Components","KENDALL",5.35573271047019e-06
"810",2013-09-30,1.58356164383562,"Products","Army","KENDALL",1.69528432171819
"811",2013-09-30,1.58356164383562,"Products","Navy","KENDALL",1.73502074021235
"812",2013-09-30,1.58356164383562,"Products","Air Force","KENDALL",1.26016702278135
"813",2013-09-30,1.58356164383562,"Products","DLA","KENDALL",1.44550065617721
"814",2013-09-30,1.58356164383562,"Products","MDA","KENDALL",0.00357197409017975
"815",2013-09-30,1.58356164383562,"Products","Military
Health","KENDALL",0.000753047070579872
"816",2013-09-30,1.58356164383562,"Products","Additional
DoD
Components","KENDALL",0.278799067504113
"817",2013-09-30,1.66849315068493,"Fuel","Army","KENDALL",0.0316927243462984
"818",2013-09-30,1.66849315068493,"Fuel","Navy","KENDALL",0.00131138199167259
"819",2013-09-30,1.66849315068493,"Fuel","Air Force","KENDALL",0.000135372305879963
"820",2013-09-30,1.66849315068493,"Fuel","DLA","KENDALL",4.68256769010724
"821",2013-09-30,1.66849315068493,"Products","Army","KENDALL",3.35288817320321
"822",2013-09-30,1.66849315068493,"Products","Navy","KENDALL",4.68767808826262
"823",2013-09-30,1.66849315068493,"Products","Air Force","KENDALL",1.60242507363644
"824",2013-09-30,1.66849315068493,"Products","DLA","KENDALL",1.26004971991886
"825",2013-09-30,1.66849315068493,"Products","MDA","KENDALL",0.120452274094343
"826",2013-09-30,1.66849315068493,"Products","Military
Health","KENDALL",0.00233375737249924
"827",2013-09-30,1.66849315068493,"Products","Additional
DoD
Components","KENDALL",0.208161307197014
"828",2013-09-30,1.75068493150685,"Fuel","Army","KENDALL",0.0290810647316949
"829",2013-09-30,1.75068493150685,"Fuel","Navy","KENDALL",0.000732539148573169
"830",2013-09-30,1.75068493150685,"Fuel","Air Force","KENDALL",9.80987102670864e-06
"831",2013-09-30,1.75068493150685,"Fuel","DLA","KENDALL",0.0242391641262313
"832",2013-09-30,1.75068493150685,"Products","Army","KENDALL",1.84420318496039
"833",2013-09-30,1.75068493150685,"Products","Navy","KENDALL",4.05535065431461
"834",2013-09-30,1.75068493150685,"Products","Air Force","KENDALL",0.855409798244237
"835",2013-09-30,1.75068493150685,"Products","DLA","KENDALL",1.33668360402508
"836",2013-09-30,1.75068493150685,"Products","MDA","KENDALL",0.293101177734031
"837",2013-09-30,1.75068493150685,"Products","Military
Health","KENDALL",0.000741947394942622
"838",2013-09-30,1.75068493150685,"Products","Additional
DoD
Components","KENDALL",0.2323091526209
"839",2013-09-30,1.83561643835616,"Fuel","Army","KENDALL",0.0094223505639281
"840",2013-09-30,1.83561643835616,"Fuel","Navy","KENDALL",0.00240782000253884
"841",2013-09-30,1.83561643835616,"Fuel","Air Force","KENDALL",5.67669643546258e-05
"842",2013-09-30,1.83561643835616,"Fuel","DLA","KENDALL",0.52699577836864
"843",2013-09-30,1.83561643835616,"Fuel","Military
Health","KENDALL",0.00185335635218848
"844",2013-09-30,1.83561643835616,"Products","Army","KENDALL",3.00626124742348
"845",2013-09-30,1.83561643835616,"Products","Navy","KENDALL",1.3752497502546
"846",2013-09-30,1.83561643835616,"Products","Air Force","KENDALL",1.43865814583528
"847",2013-09-30,1.83561643835616,"Products","DLA","KENDALL",1.57102287264558
"848",2013-09-30,1.83561643835616,"Products","MDA","KENDALL",0.231712371250432
"849",2013-09-30,1.83561643835616,"Products","Military
Health","KENDALL",0.00024311949771504
"850",2013-09-30,1.83561643835616,"Products","Additional
DoD
Components","KENDALL",0.203368239778816
"851",2013-09-30,1.92054794520548,"Fuel","Army","KENDALL",0.0663149332149893
"852",2013-09-30,1.92054794520548,"Fuel","Navy","KENDALL",0.00231018121732507
"853",2013-09-30,1.92054794520548,"Fuel","Air Force","KENDALL",0.00084807721184117
"854",2013-09-30,1.92054794520548,"Fuel","DLA","KENDALL",2.34646211244145
"855",2013-09-30,1.92054794520548,"Fuel","Military
Health","KENDALL",0
"856",2013-09-30,1.92054794520548,"Fuel","Additional
DoD
Components","KENDALL",0
"857",2013-09-30,1.92054794520548,"Products","Army","KENDALL",4.61647436625388
"858",2013-09-30,1.92054794520548,"Products","Navy","KENDALL",7.79154010980745
"859",2013-09-30,1.92054794520548,"Products","Air Force","KENDALL",2.40144351643892
"860",2013-09-30,1.92054794520548,"Products","DLA","KENDALL",2.64690601273017
"861",2013-09-30,1.92054794520548,"Products","MDA","KENDALL",8.54793013100437e-05
"862",2013-09-30,1.92054794520548,"Products","Military
Health","KENDALL",0.0202119960936326
"863",2013-09-30,1.92054794520548,"Products","Additional
DoD
Components","KENDALL",0.637564831304154
"864",2014-09-30,2.0027397260274,"Fuel","Army","KENDALL",0.1006440147977
"865",2014-09-30,2.0027397260274,"Fuel","Navy","KENDALL",0.0085908358426
"866",2014-09-30,2.0027397260274,"Fuel","Air Force","KENDALL",0.0012071530712
"867",2014-09-30,2.0027397260274,"Fuel","DLA","KENDALL",0.1916093550704
"868",2014-09-30,2.0027397260274,"Products","Army","KENDALL",0.5861440816271
"869",2014-09-30,2.0027397260274,"Products","Navy","KENDALL",1.9519017270945
"870",2014-09-30,2.0027397260274,"Products","Air Force","KENDALL",0.741148261971
"871",2014-09-30,2.0027397260274,"Products","DLA","KENDALL",1.3840595673579
"872",2014-09-30,2.0027397260274,"Products","MDA","KENDALL",0.004249111
"873",2014-09-30,2.0027397260274,"Products","Military
Health","KENDALL",0.00203987929
"874",2014-09-30,2.0027397260274,"Products","Additional
DoD
Components","KENDALL",0.0075368786251
"875",2014-09-30,2.08767123287671,"Fuel","Army","KENDALL",0.0620514165058
"876",2014-09-30,2.08767123287671,"Fuel","Navy","KENDALL",0.0009781678792
"877",2014-09-30,2.08767123287671,"Fuel","Air Force","KENDALL",0.0011422468396
"878",2014-09-30,2.08767123287671,"Fuel","DLA","KENDALL",0.7007424960387
"879",2014-09-30,2.08767123287671,"Fuel","Additional
DoD
Components","KENDALL",2.31426797e-05
"880",2014-09-30,2.08767123287671,"Products","Army","KENDALL",0.8130676607947
"881",2014-09-30,2.08767123287671,"Products","Navy","KENDALL",1.345356902538
"882",2014-09-30,2.08767123287671,"Products","Air Force","KENDALL",1.1790787424559
"883",2014-09-30,2.08767123287671,"Products","DLA","KENDALL",1.4012482973787
"884",2014-09-30,2.08767123287671,"Products","MDA","KENDALL",0.0061608940978
"885",2014-09-30,2.08767123287671,"Products","Military
Health","KENDALL",0.0052848948
"886",2014-09-30,2.08767123287671,"Products","Additional
DoD
Components","KENDALL",0.2387831303635
"887",2014-09-30,2.16986301369863,"Fuel","Army","KENDALL",0.0248757865538
"888",2014-09-30,2.16986301369863,"Fuel","Navy","KENDALL",0.0012695375509
"889",2014-09-30,2.16986301369863,"Fuel","Air Force","KENDALL",0.0010980541899
"890",2014-09-30,2.16986301369863,"Fuel","DLA","KENDALL",0.5173919747192
"891",2014-09-30,2.16986301369863,"Products","Army","KENDALL",3.0262736713831
"892",2014-09-30,2.16986301369863,"Products","Navy","KENDALL",3.4544010784154
"893",2014-09-30,2.16986301369863,"Products","Air Force","KENDALL",2.0461450621293
"894",2014-09-30,2.16986301369863,"Products","DLA","KENDALL",1.4146587671334
"895",2014-09-30,2.16986301369863,"Products","MDA","KENDALL",0.03395492944
"896",2014-09-30,2.16986301369863,"Products","Military
Health","KENDALL",0.00697907768
"897",2014-09-30,2.16986301369863,"Products","Additional
DoD
Components","KENDALL",0.1583828048301
"898",2014-09-30,2.25479452054795,"Fuel","Army","KENDALL",0.078826963385
"899",2014-09-30,2.25479452054795,"Fuel","Navy","KENDALL",0.0014990482203
"900",2014-09-30,2.25479452054795,"Fuel","Air Force","KENDALL",0.0012242504112
"901",2014-09-30,2.25479452054795,"Fuel","DLA","KENDALL",0.9846128362304
"902",2014-09-30,2.25479452054795,"Fuel","Additional
DoD
Components","KENDALL",1.22432402e-05
"903",2014-09-30,2.25479452054795,"Products","Army","KENDALL",1.0994832270915
"904",2014-09-30,2.25479452054795,"Products","Navy","KENDALL",1.5835991604571
"905",2014-09-30,2.25479452054795,"Products","Air Force","KENDALL",0.415113034179
"906",2014-09-30,2.25479452054795,"Products","DLA","KENDALL",1.19359840259
"907",2014-09-30,2.25479452054795,"Products","MDA","KENDALL",0.132765814
"908",2014-09-30,2.25479452054795,"Products","Military
Health","KENDALL",0.0190438379005
"909",2014-09-30,2.25479452054795,"Products","Additional
DoD
Components","KENDALL",0.0846956438561
"910",2014-09-30,2.33972602739726,"Fuel","Army","KENDALL",0.023086740302
"911",2014-09-30,2.33972602739726,"Fuel","Navy","KENDALL",0.0011808729928
"912",2014-09-30,2.33972602739726,"Fuel","Air Force","KENDALL",0.00016523284
"913",2014-09-30,2.33972602739726,"Fuel","DLA","KENDALL",0.6675307253164
"914",2014-09-30,2.33972602739726,"Fuel","Additional
DoD
Components","KENDALL",0
"915",2014-09-30,2.33972602739726,"Products","Army","KENDALL",0.9114609338597
"916",2014-09-30,2.33972602739726,"Products","Navy","KENDALL",3.6206227534769
"917",2014-09-30,2.33972602739726,"Products","Air Force","KENDALL",0.5595824941286
"918",2014-09-30,2.33972602739726,"Products","DLA","KENDALL",1.1424665501988
"919",2014-09-30,2.33972602739726,"Products","MDA","KENDALL",0.00121776
"920",2014-09-30,2.33972602739726,"Products","Military
Health","KENDALL",0.00014398022
"921",2014-09-30,2.33972602739726,"Products","Additional
DoD
Components","KENDALL",0.1036492024902
"922",2014-09-30,2.41643835616438,"Fuel","Army","KENDALL",0.0553774233467
"923",2014-09-30,2.41643835616438,"Fuel","Navy","KENDALL",0.0015162644491
"924",2014-09-30,2.41643835616438,"Fuel","Air Force","KENDALL",0.001183213551
"925",2014-09-30,2.41643835616438,"Fuel","DLA","KENDALL",1.0809117249677
"926",2014-09-30,2.41643835616438,"Fuel","Additional
DoD
Components","KENDALL",8.1625498e-06
"927",2014-09-30,2.41643835616438,"Products","Army","KENDALL",2.768761148371
"928",2014-09-30,2.41643835616438,"Products","Navy","KENDALL",4.1776468643708
"929",2014-09-30,2.41643835616438,"Products","Air Force","KENDALL",0.7406877717089
"930",2014-09-30,2.41643835616438,"Products","DLA","KENDALL",1.334254375345
"931",2014-09-30,2.41643835616438,"Products","MDA","KENDALL",0.28996140371
"932",2014-09-30,2.41643835616438,"Products","Military
Health","KENDALL",0.0022093173904
"933",2014-09-30,2.41643835616438,"Products","Additional
DoD
Components","KENDALL",0.1737931543412
"934",2014-09-30,2.5013698630137,"Fuel","Army","KENDALL",0.0443975124036
"935",2014-09-30,2.5013698630137,"Fuel","Navy","KENDALL",0.0010866704316
"936",2014-09-30,2.5013698630137,"Fuel","Air Force","KENDALL",4.39950311e-05
"937",2014-09-30,2.5013698630137,"Fuel","DLA","KENDALL",1.0090010089573
"938",2014-09-30,2.5013698630137,"Fuel","Additional
DoD
Components","KENDALL",0
"939",2014-09-30,2.5013698630137,"Products","Army","KENDALL",1.1344062227861
"940",2014-09-30,2.5013698630137,"Products","Navy","KENDALL",6.5227078725885
"941",2014-09-30,2.5013698630137,"Products","Air Force","KENDALL",1.3481172267863
"942",2014-09-30,2.5013698630137,"Products","DLA","KENDALL",1.5382743910723
"943",2014-09-30,2.5013698630137,"Products","MDA","KENDALL",0.040441000375
"944",2014-09-30,2.5013698630137,"Products","Military
Health","KENDALL",0.00058543767
"945",2014-09-30,2.5013698630137,"Products","Additional
DoD
Components","KENDALL",0.1634742485895
"946",2014-09-30,2.58356164383562,"Fuel","Army","KENDALL",0.0311335112901
"947",2014-09-30,2.58356164383562,"Fuel","Navy","KENDALL",0.0030502660046
"948",2014-09-30,2.58356164383562,"Fuel","Air Force","KENDALL",5.859775e-05
"949",2014-09-30,2.58356164383562,"Fuel","DLA","KENDALL",1.8776631293727
"950",2014-09-30,2.58356164383562,"Fuel","Additional
DoD
Components","KENDALL",-5.7767402e-06
"951",2014-09-30,2.58356164383562,"Products","Army","KENDALL",1.8239605005215
"952",2014-09-30,2.58356164383562,"Products","Navy","KENDALL",2.0931722191392
"953",2014-09-30,2.58356164383562,"Products","Air Force","KENDALL",0.7306229179893
"954",2014-09-30,2.58356164383562,"Products","DLA","KENDALL",1.4592533976736
"955",2014-09-30,2.58356164383562,"Products","MDA","KENDALL",0.0028243963282
"956",2014-09-30,2.58356164383562,"Products","Military
Health","KENDALL",0.0033887775299
"957",2014-09-30,2.58356164383562,"Products","Additional
DoD
Components","KENDALL",0.1394340831637
"958",2014-09-30,2.66849315068493,"Fuel","Army","KENDALL",-0.00020444114
"959",2014-09-30,2.66849315068493,"Fuel","Navy","KENDALL",0.0028424536667
"960",2014-09-30,2.66849315068493,"Fuel","Air Force","KENDALL",0.0002617446725
"961",2014-09-30,2.66849315068493,"Fuel","DLA","KENDALL",0.9904947057394
"962",2014-09-30,2.66849315068493,"Products","Army","KENDALL",3.1768842103272
"963",2014-09-30,2.66849315068493,"Products","Navy","KENDALL",4.00021264112
"964",2014-09-30,2.66849315068493,"Products","Air Force","KENDALL",2.2382657778616
"965",2014-09-30,2.66849315068493,"Products","DLA","KENDALL",1.5316212650398
"966",2014-09-30,2.66849315068493,"Products","MDA","KENDALL",0.1670416520488
"967",2014-09-30,2.66849315068493,"Products","Military
Health","KENDALL",0.0033388966505
"968",2014-09-30,2.66849315068493,"Products","Additional
DoD
Components","KENDALL",0.1966314421738
"969",2014-09-30,2.75068493150685,"Fuel","Army","KENDALL",0.022606139271
"970",2014-09-30,2.75068493150685,"Fuel","Navy","KENDALL",0.0013333957779
"971",2014-09-30,2.75068493150685,"Fuel","Air Force","KENDALL",0.0002574909727
"972",2014-09-30,2.75068493150685,"Fuel","DLA","KENDALL",0.9380771015651
"973",2014-09-30,2.75068493150685,"Products","Army","KENDALL",1.2509867044252
"974",2014-09-30,2.75068493150685,"Products","Navy","KENDALL",1.2863580056522
"975",2014-09-30,2.75068493150685,"Products","Air Force","KENDALL",0.6793497501959
"976",2014-09-30,2.75068493150685,"Products","DLA","KENDALL",1.6588022480623
"977",2014-09-30,2.75068493150685,"Products","MDA","KENDALL",-1.98182576999999e-05
"978",2014-09-30,2.75068493150685,"Products","Military
Health","KENDALL",0.0108454539488
"979",2014-09-30,2.75068493150685,"Products","Additional
DoD
Components","KENDALL",0.2544840696033
"980",2014-09-30,2.83561643835616,"Fuel","Army","KENDALL",-0.0022758296399
"981",2014-09-30,2.83561643835616,"Fuel","Navy","KENDALL",0.0031248786201
"982",2014-09-30,2.83561643835616,"Fuel","Air Force","KENDALL",0.0008277575205
"983",2014-09-30,2.83561643835616,"Fuel","DLA","KENDALL",1.1204854367806
"984",2014-09-30,2.83561643835616,"Fuel","Additional
DoD
Components","KENDALL",0
"985",2014-09-30,2.83561643835616,"Products","Army","KENDALL",2.7916235511351
"986",2014-09-30,2.83561643835616,"Products","Navy","KENDALL",1.6284992310191
"987",2014-09-30,2.83561643835616,"Products","Air Force","KENDALL",1.1170641745694
"988",2014-09-30,2.83561643835616,"Products","DLA","KENDALL",1.7631969305039
"989",2014-09-30,2.83561643835616,"Products","MDA","KENDALL",0.2544820042402
"990",2014-09-30,2.83561643835616,"Products","Military
Health","KENDALL",0.0091372900732
"991",2014-09-30,2.83561643835616,"Products","Additional
DoD
Components","KENDALL",0.2276829125341
"992",2014-09-30,2.92054794520548,"Fuel","Army","KENDALL",-0.0168052484147
"993",2014-09-30,2.92054794520548,"Fuel","Navy","KENDALL",0.0003897565366
"994",2014-09-30,2.92054794520548,"Fuel","Air Force","KENDALL",0.0001720854918
"995",2014-09-30,2.92054794520548,"Fuel","DLA","KENDALL",1.1153516690544
"996",2014-09-30,2.92054794520548,"Fuel","Additional
DoD
Components","KENDALL",0
"997",2014-09-30,2.92054794520548,"Products","Army","KENDALL",4.7724861279939
"998",2014-09-30,2.92054794520548,"Products","Navy","KENDALL",3.9408105581055
"999",2014-09-30,2.92054794520548,"Products","Air Force","KENDALL",2.1924314120938
"1000",2014-09-30,2.92054794520548,"Products","DLA","KENDALL",2.4971537682215
"1001",2014-09-30,2.92054794520548,"Products","MDA","KENDALL",0.044342522707
"1002",2014-09-30,2.92054794520548,"Products","Military
Health","KENDALL",0.0195091879212
"1003",2014-09-30,2.92054794520548,"Products","Additional
DoD
Components","KENDALL",0.5786360395985
